id;Name;fencer_id;tournament_id;status;first_rank;final_rank;percentile;victories;victories_perc;ts;tr;score_index
1;ANDERLE Petr;6;5;Advanced;16;19;0,32;5;0,71;30;25;5
2;BALCAR Josef;8;5;Advanced;17;14;0,23;5;0,71;28;23;5
3;BELL Tristen;11;5;Eliminated;50;50;0,83;1;0,17;18;28;-10
4;BERAN Jiří;13;5;Advanced;3;2;0,03;6;1,00;30;15;15
5;BRADÁČ Petr;19;5;Advanced;27;24;0,40;3;0,50;26;21;5
6;CIMLER Čestmír;29;5;Advanced;27;37;0,62;3;0,50;26;21;5
7;CIMPA Miroslav;30;5;Advanced;49;49;0,82;1;0,17;19;29;-10
8;ČAPEK Martin;33;5;Advanced;11;8;0,13;5;0,83;29;17;12
9;ČUPR Michal;34;5;Advanced;4;3;0,05;6;0,86;33;12;21
10;D'AMICO Kristian;35;5;Advanced;2;3;0,05;7;1,00;35;17;18
11;DITRICH Jan;36;5;Advanced;40;16;0,27;3;0,43;20;30;-10
12;DOLEJŠÍ Marek;37;5;Advanced;13;18;0,30;5;0,83;26;21;5
13;DURYCH Martin;42;5;Advanced;6;9;0,15;6;0,86;32;22;10
14;ERNÉE Jan;44;5;Advanced;8;17;0,28;5;0,83;26;12;14
15;FÖLDES Tomáš;48;5;Advanced;22;23;0,38;4;0,57;30;23;7
16;GRUMMICH Petr;53;5;Advanced;33;38;0,63;3;0,50;15;27;-12
17;HABARTA Ondřej;54;5;Advanced;5;5;0,08;6;0,86;33;14;19
18;HERDA Jan;58;5;Advanced;42;32;0,53;2;0,33;24;28;-4
19;HLAVÁČ Jakub;61;5;Advanced;18;20;0,33;4;0,67;26;16;10
20;CHLEBÍK Michal;26;5;Advanced;38;29;0,48;3;0,43;22;28;-6
21;IVANČO Robin;71;5;Advanced;25;35;0,58;4;0,57;29;27;2
22;JEŘÁBEK Petr;76;5;Advanced;29;25;0,42;3;0,50;23;23;0
23;JÍLEK Jaroslav;83;5;Advanced;43;43;0,72;2;0,33;19;27;-8
24;JINDRA Jakub;77;5;Advanced;32;28;0,47;3;0,50;19;22;-3
25;JIRAN Jan;79;5;Eliminated;57;57;0,95;1;0,14;20;30;-10
26;JURKA Jakub;80;5;Advanced;7;10;0,17;5;0,83;27;11;16
27;JURKA Tomáš;81;5;Advanced;14;12;0,20;5;0,71;30;20;10
28;KARÁSEK Libor;91;5;Advanced;30;26;0,43;3;0,50;22;22;0
29;KAŠPAR Daniel;93;5;Advanced;15;13;0,22;5;0,71;32;24;8
30;KLSÁK Adam;96;5;Advanced;41;31;0,52;2;0,33;25;27;-2
31;KROUŽECKÝ Tomáš;110;5;Advanced;37;42;0,70;3;0,43;23;28;-5
32;KULT Pavel;117;5;Advanced;26;36;0,60;4;0,57;28;27;1
33;LORENC Adam;126;5;Advanced;47;47;0,78;2;0,29;25;33;-8
34;MAZANEC Matěj;135;5;Eliminated;59;59;0,98;0;0,00;5;35;-30
35;MIČINEC Adam;145;5;Eliminated;51;51;0,85;1;0,17;17;28;-11
36;OMELKA Jakub;158;5;Eliminated;52;52;0,87;1;0,17;17;29;-12
37;OSIČKA Adam;160;5;Advanced;20;15;0,25;4;0,57;30;19;11
38;PÁTEK Ondřej;174;5;DNF;999;999;1,00;0;0,00;0;0;0
39;PAVLÍK Matyáš;162;5;Advanced;9;6;0,10;5;0,83;28;15;13
40;POKORNÝ Jan;167;5;Eliminated;55;55;0,92;1;0,17;12;29;-17
41;POKORNÝ Richard;168;5;Advanced;1;1;0,02;7;1,00;35;15;20
42;PRYL Dobromil;171;5;Eliminated;54;54;0,90;1;0,17;14;27;-13
43;RUBEŠ Martin;177;5;Advanced;9;6;0,10;5;0,83;28;15;13
44;SALZER Jiří;182;5;Advanced;36;41;0,68;3;0,43;26;29;-3
45;SALZER Matěj;183;5;Advanced;23;33;0,55;4;0,57;28;21;7
46;SMRČEK Šimon;190;5;Advanced;39;30;0,50;3;0,43;23;32;-9
47;STEHLÍK Jan;198;5;Advanced;12;11;0,18;5;0,83;27;20;7
48;SVOBODA Tomáš (ml.);212;5;Advanced;48;48;0,80;1;0,17;19;27;-8
49;SVOBODA Tomáš Kristián (st.);213;5;Advanced;24;34;0,57;4;0,57;29;26;3
50;ŠPATENKA Martin;220;5;Advanced;34;39;0,65;3;0,43;28;28;0
51;ŠTULÍŘ Pavel;221;5;Eliminated;60;60;1,00;0;0,00;4;35;-31
52;ŠVANDA Pavel;224;5;Advanced;19;21;0,35;4;0,67;26;18;8
53;TÁBORSKÝ Lukáš;230;5;Eliminated;56;56;0,93;1;0,14;21;31;-10
54;TKACHENKO Danil;225;5;Advanced;45;45;0,75;2;0,29;26;31;-5
55;TREFILÍK Jakub;229;5;Eliminated;58;58;0,97;1;0,14;17;33;-16
56;TŮMA Marek;232;5;Advanced;35;40;0,67;3;0,43;26;28;-2
57;VALKOVIČ Martin;236;5;Eliminated;52;52;0,87;1;0,17;17;29;-12
58;VAŠÍČEK Martin;238;5;Advanced;31;27;0,45;3;0,50;24;25;-1
59;VÁVRA Antonín;244;5;Advanced;44;44;0,73;2;0,29;24;28;-4
60;VÁVRA Vojtěch;246;5;Advanced;46;46;0,77;2;0,29;21;28;-7
61;ZHÁŇAL Petr;255;5;Advanced;21;22;0,37;4;0,57;29;20;9
62;ANDERLE Petr;6;8;Advanced;34;42;0,52;3;0,50;24;22;2
63;BALCAR Josef;8;8;Advanced;1;5;0,06;6;1,00;30;10;20
64;BEDNÁR Kryštof;10;8;Advanced;28;39;0,48;4;0,67;25;23;2
65;BĚLOHOUBEK Matouš;25;8;Eliminated;65;65;0,80;1;0,20;13;21;-8
66;BERAN Jiří;13;8;Advanced;4;2;0,02;5;1,00;25;7;18
67;BRADÁČ Petr;19;8;Advanced;21;34;0,42;4;0,67;26;21;5
68;CIMLER Čestmír;29;8;Advanced;26;37;0,46;4;0,67;23;20;3
69;CIMPA Miroslav;30;8;Eliminated;66;66;0,81;1;0,20;11;24;-13
70;COUFAL František;31;8;Advanced;10;8;0,10;5;0,83;29;18;11
71;ČAPEK Martin;33;8;Advanced;5;6;0,07;6;1,00;30;13;17
72;ČUPR Michal;34;8;Advanced;9;3;0,04;5;0,83;27;11;16
73;D'AMICO Kristian;35;8;Advanced;12;17;0,21;5;0,83;28;18;10
74;DITRICH Jan;36;8;Advanced;39;29;0,36;3;0,50;23;23;0
75;DOLEJŠÍ Marek;37;8;Advanced;30;23;0,28;3;0,60;21;14;7
76;FIEDOR Michal;45;8;Eliminated;71;71;0,88;1;0,17;19;27;-8
77;FÖLDES Tomáš;48;8;Advanced;55;55;0,68;2;0,33;26;24;2
78;FRANK Kilián;47;8;Eliminated;74;74;0,91;1;0,17;15;29;-14
79;GRUMMICH Petr;53;8;Eliminated;80;80;0,99;0;0,00;11;30;-19
80;HABARTA Ondřej;54;8;Advanced;7;9;0,11;5;1,00;25;10;15
81;HERDA Jan;58;8;Advanced;32;41;0,51;3;0,60;21;18;3
82;HLAVÁČ Jakub;61;8;Advanced;17;19;0,23;4;0,67;28;18;10
83;HORBACHUK Yuriy;62;8;Advanced;46;47;0,58;3;0,50;23;27;-4
84;HOYER Martin;65;8;Advanced;27;38;0,47;4;0,67;27;25;2
85;IVANČO Alexandr;69;8;Advanced;45;46;0,57;3;0,50;22;24;-2
86;IVANČO Mikuláš;70;8;Advanced;39;44;0,54;3;0,50;23;23;0
87;IVANČO Robin;71;8;Advanced;61;61;0,75;2;0,33;21;28;-7
88;JAMBOR Stanislav;72;8;Advanced;29;40;0,49;4;0,67;21;21;0
89;JEŘÁBEK Petr;76;8;Eliminated;69;69;0,85;1;0,17;21;29;-8
90;JÍLEK Jaroslav;83;8;Advanced;58;58;0,72;2;0,33;19;21;-2
91;JINDRA Jakub;77;8;Advanced;19;20;0,25;4;0,67;25;18;7
92;JURÁŇ Jiří;82;8;Advanced;54;54;0,67;2;0,40;16;23;-7
93;JURKA Jakub;80;8;Advanced;2;1;0,01;6;1,00;30;11;19
94;KAIL Daniel;85;8;Advanced;62;62;0,77;2;0,33;18;28;-10
95;KALINA Jiří;86;8;Eliminated;75;75;0,93;1;0,17;11;29;-18
96;KALUS Jonáš;87;8;Advanced;22;35;0,43;4;0,67;24;20;4
97;KARÁSEK Libor;91;8;Eliminated;67;67;0,83;1;0,20;6;24;-18
98;KAREL Petr;90;8;Advanced;43;45;0,56;3;0,50;24;26;-2
99;KAŠPAR Daniel;93;8;Advanced;42;31;0,38;3;0,50;18;18;0
100;KLAUS Robert;95;8;Advanced;50;32;0,40;2;0,40;19;18;1
101;KLSÁK Adam;96;8;Advanced;12;17;0,21;5;0,83;28;18;10
102;KNAP Ladislav;97;8;Advanced;47;48;0,59;3;0,50;20;26;-6
103;KOTALA Jan;102;8;Eliminated;69;69;0,85;1;0,17;21;29;-8
104;KOVAŘÍK Tomáš;105;8;DNF;999;999;1,00;0;0,00;0;0;0
105;KRAJSA Tomáš;108;8;Eliminated;77;77;0,95;0;0,00;17;30;-13
106;KRÁL Jiří;111;8;Advanced;24;36;0,44;4;0,67;25;22;3
107;KROUŽECKÝ Tomáš;110;8;Advanced;60;60;0,74;2;0,33;18;24;-6
108;KUF Jan;116;8;Advanced;36;26;0,32;3;0,50;21;19;2
109;LÁNÍK Jan;130;8;Advanced;64;64;0,79;1;0,20;15;20;-5
110;LEVI Josef;123;8;Advanced;47;48;0,59;3;0,50;20;26;-6
111;LOKAJ Václav;125;8;Advanced;51;51;0,63;2;0,40;18;20;-2
112;LUCOVIČ Matěj;127;8;Advanced;15;33;0,41;4;0,80;24;20;4
113;MIČINEC Adam;145;8;Eliminated;76;76;0,94;0;0,00;18;30;-12
114;MOTALÍK Libor;146;8;Advanced;33;25;0,31;3;0,60;20;18;2
115;MRÁZ Pavel;147;8;Eliminated;81;81;1,00;0;0,00;10;30;-20
116;OSIČKA Adam;160;8;Advanced;20;15;0,19;4;0,67;26;20;6
117;PAVLÍK Matyáš;162;8;Advanced;3;3;0,04;6;1,00;30;12;18
118;PITRA Pavel;164;8;Advanced;8;10;0,12;6;1,00;30;17;13
119;POHNAN Kryštof;166;8;Advanced;38;28;0,35;3;0,50;20;19;1
120;POKORNÝ Richard;168;8;Advanced;11;11;0,14;5;0,83;29;19;10
121;PRYL Dobromil;171;8;Eliminated;72;72;0,89;1;0,17;19;29;-10
122;PUSTĚJOVSKÝ Vladimír;173;8;Advanced;41;30;0,37;3;0,50;22;22;0
123;RUBEŠ Martin;177;8;Advanced;6;7;0,09;6;1,00;30;14;16
124;ŘEZANKA Ota;179;8;Advanced;31;24;0,30;3;0,60;20;13;7
125;SALAČ Vojtěch;181;8;Advanced;47;48;0,59;3;0,50;20;26;-6
126;SALZER Jiří;182;8;Advanced;25;22;0,27;4;0,67;24;21;3
127;SALZER Matěj;183;8;Advanced;14;12;0,15;4;0,80;24;11;13
128;SMÍTKA Jan;192;8;Advanced;59;59;0,73;2;0,33;20;26;-6
129;SMRČEK Šimon;190;8;Advanced;53;53;0,65;2;0,40;14;20;-6
130;SOKOL Vratislav;195;8;Advanced;63;63;0,78;1;0,20;18;23;-5
131;STEHLÍK Jan;198;8;Advanced;18;14;0,17;4;0,67;26;16;10
132;STIRBER Sebastián;202;8;Advanced;34;42;0,52;3;0,50;24;22;2
133;SVOBODA Tomáš (ml.);212;8;Advanced;56;56;0,69;2;0,33;23;24;-1
134;SVOBODA Tomáš Kristián (st.);213;8;Eliminated;68;68;0,84;1;0,17;22;28;-6
135;ŠPATENKA Martin;220;8;Advanced;57;57;0,70;2;0,33;23;25;-2
136;ŠVANDA Pavel;224;8;Advanced;22;21;0,26;4;0,67;24;20;4
137;TÁBORSKÝ Lukáš;230;8;Advanced;16;13;0,16;4;0,67;25;14;11
138;TOMAN Jan;226;8;Advanced;52;52;0,64;2;0,40;16;22;-6
139;TŮMA Marek;232;8;Eliminated;79;79;0,98;0;0,00;15;30;-15
140;VALKOVIČ Martin;236;8;Eliminated;78;78;0,96;0;0,00;16;30;-14
141;VAŠÍČEK Martin;238;8;Advanced;37;27;0,33;3;0,50;24;23;1
142;VÁVRA Antonín;244;8;Eliminated;73;73;0,90;1;0,17;15;28;-13
143;VOLÁK Samuel;242;8;Advanced;43;16;0,20;3;0,50;24;26;-2
144;ANDERLE Petr;6;9;Advanced;28;39;0,56;3;0,50;22;16;6
145;BALCAR Josef;8;9;Advanced;12;8;0,11;5;0,83;27;15;12
146;BEDNÁR Kryštof;10;9;Eliminated;60;60;0,86;1;0,17;15;28;-13
147;BĚLOHOUBEK Matouš;25;9;Eliminated;61;61;0,87;1;0,17;14;27;-13
148;BERAN Jiří;13;9;Advanced;4;3;0,04;6;1,00;30;9;21
149;BRADÁČ Petr;19;9;Advanced;20;35;0,50;4;0,67;25;20;5
150;COUFAL František;31;9;Advanced;1;17;0,24;6;1,00;30;8;22
151;ČAPEK Martin;33;9;Advanced;17;3;0,04;4;0,67;27;22;5
152;ČUPR Michal;34;9;Advanced;13;11;0,16;5;0,83;26;16;10
153;D'AMICO Kristian;35;9;Advanced;20;21;0,30;4;0,67;25;20;5
154;DOLEJŠÍ Marek;37;9;Advanced;35;26;0,37;3;0,50;25;25;0
155;DUDUC Alex Vladimír;39;9;Advanced;17;13;0,19;4;0,67;27;22;5
156;ERNÉE Jan;44;9;Advanced;7;18;0,26;5;0,83;29;12;17
157;GRUMMICH Petr;53;9;Eliminated;69;69;0,99;0;0,00;15;30;-15
158;CHOUN Karím;27;9;Advanced;34;42;0,60;3;0,50;21;20;1
159;IVANČO Alexandr;69;9;Advanced;38;44;0,63;3;0,50;20;21;-1
160;IVANČO Mikuláš;70;9;Advanced;53;53;0,76;2;0,33;16;27;-11
161;IVANČO Robin;71;9;Advanced;29;24;0,34;3;0,50;25;22;3
162;JINDRA Jakub;77;9;Advanced;49;32;0,46;2;0,33;21;26;-5
163;JIRAN Jan;79;9;Eliminated;68;68;0,97;0;0,00;16;29;-13
164;JURKA Jakub;80;9;Advanced;1;1;0,01;6;1,00;30;8;22
165;JURKA Tomáš;81;9;Advanced;14;12;0,17;5;0,83;27;24;3
166;KAIL Daniel;85;9;Eliminated;70;70;1,00;0;0,00;9;30;-21
167;KALUS Jonáš;87;9;Advanced;15;33;0,47;4;0,67;27;19;8
168;KAŠPAR Daniel;93;9;Advanced;44;47;0,67;2;0,33;22;22;0
169;KEDER Michal;94;9;Eliminated;65;65;0,93;1;0,17;12;28;-16
170;KLAUS Robert;95;9;Advanced;41;28;0,40;3;0,50;21;24;-3
171;KLSÁK Adam;96;9;Advanced;22;36;0,51;4;0,67;24;19;5
172;KNAP Ladislav;97;9;Advanced;47;48;0,69;2;0,33;21;24;-3
173;KOTALA Jan;102;9;Advanced;42;29;0,41;3;0,50;20;23;-3
174;KRAJSA Tomáš;108;9;Advanced;56;56;0,80;1;0,17;18;27;-9
175;KROUŽECKÝ Tomáš;110;9;Advanced;55;55;0,79;1;0,17;19;28;-9
176;KULT Pavel;117;9;Advanced;32;41;0,59;3;0,50;21;19;2
177;LÁNÍK Jan;130;9;Advanced;37;27;0,39;3;0,50;23;24;-1
178;LEVI Josef;123;9;Advanced;52;52;0,74;2;0,33;16;26;-10
179;LOKAJ Václav;125;9;Advanced;25;22;0,31;4;0,67;26;24;2
180;LUCOVIČ Matěj;127;9;Advanced;47;48;0,69;2;0,33;21;24;-3
181;MAŠATA Vojtěch;138;9;Eliminated;64;64;0,91;1;0,17;13;29;-16
182;MATOUŠEK David;134;9;Advanced;46;31;0,44;2;0,33;22;24;-2
183;MIČINEC Adam;145;9;Advanced;11;19;0,27;5;0,83;26;12;14
184;PAVLÍK Matyáš;162;9;Advanced;9;10;0,14;5;0,83;27;12;15
185;PITRA Pavel;164;9;Advanced;6;5;0,07;6;1,00;30;14;16
186;POHNAN Kryštof;166;9;Advanced;43;16;0,23;3;0,50;23;27;-4
187;POKORNÝ Richard;168;9;Advanced;1;2;0,03;6;1,00;30;8;22
188;PRYL Dobromil;171;9;Advanced;51;51;0,73;2;0,33;17;27;-10
189;RUBEŠ Martin;177;9;Advanced;8;6;0,09;5;0,83;29;13;16
190;ŘEZANKA Ota;179;9;Advanced;24;38;0,54;4;0,67;26;23;3
191;SALZER Jiří;182;9;Advanced;23;37;0,53;4;0,67;23;19;4
192;SALZER Matěj;183;9;Advanced;10;7;0,10;5;0,83;27;13;14
193;SKROVNÝ Petr;189;9;Advanced;26;14;0,20;4;0,67;24;23;1
194;SMRČEK Šimon;190;9;Advanced;19;34;0,49;4;0,67;26;21;5
195;SOKOL Vratislav;195;9;Eliminated;58;58;0,83;1;0,17;17;27;-10
196;STEHLÍK Jan;198;9;Advanced;40;46;0,66;3;0,50;20;22;-2
197;STEIS Matúš;200;9;Advanced;33;25;0,36;3;0,50;23;22;1
198;STIRBER Sebastián;202;9;Advanced;49;50;0,71;2;0,33;21;26;-5
199;STOLAR Samuel;203;9;Advanced;31;15;0,21;3;0,50;26;24;2
200;STRAKA Tomáš;204;9;Advanced;45;30;0,43;2;0,33;24;26;-2
201;STYMNE Jakob;206;9;Advanced;5;9;0,13;6;1,00;30;11;19
202;SVOBODA Tomáš Kristián (st.);213;9;Eliminated;67;67;0,96;1;0,17;9;29;-20
203;SZALAY Jan;216;9;Advanced;16;20;0,29;4;0,67;27;21;6
204;ŠŤASTNÝ Kristián;223;9;Advanced;54;54;0,77;1;0,17;19;27;-8
205;TÁBORSKÝ Lukáš;230;9;Advanced;36;43;0,61;3;0,50;22;22;0
206;TOMÁŠEK Vlastimil;228;9;Eliminated;63;62;0,89;1;0,17;14;28;-14
207;TŮMA Marek;232;9;Advanced;39;45;0,64;3;0,50;22;24;-2
208;VALKOVIČ Martin;236;9;Eliminated;59;59;0,84;1;0,17;16;26;-10
209;VÁVRA Miroslav;245;9;Eliminated;66;66;0,94;1;0,17;11;28;-17
210;VÁVRA Vojtěch;246;9;Eliminated;62;62;0,89;1;0,17;14;28;-14
211;VÍTEK Daniel;247;9;Advanced;30;40;0,57;3;0,50;21;18;3
212;VOKÁČ František;241;9;Eliminated;57;57;0,81;1;0,17;18;28;-10
213;VOLÁK Samuel;242;9;Advanced;27;23;0,33;4;0,67;23;23;0
214;ANDERLE Petr;6;10;Advanced;24;22;0,28;4;0,67;25;20;5
215;ARTAZOV Maxmilián;7;10;Advanced;54;55;0,69;2;0,33;23;26;-3
216;BALCAR Josef;8;10;Advanced;8;11;0,14;5;0,83;29;17;12
217;BĚLOHOUBEK Matouš;25;10;Advanced;60;32;0,40;2;0,33;19;26;-7
218;BÉREŠ Daniel;23;10;Advanced;64;64;0,80;2;0,33;17;27;-10
219;BRADÁČ Petr;19;10;Advanced;43;47;0,59;3;0,50;21;22;-1
220;CIMLER Čestmír;29;10;Eliminated;67;67;0,84;1;0,20;17;24;-7
221;CIMPA Miroslav;30;10;Eliminated;80;80;1,00;0;0,00;11;30;-19
222;COUFAL František;31;10;Advanced;10;12;0,15;5;0,83;28;17;11
223;ČAPEK Martin;33;10;Advanced;14;3;0,04;5;0,83;26;18;8
224;ČUPR Michal;34;10;Advanced;1;5;0,06;6;1,00;30;4;26
225;D'AMICO Kristian;35;10;Advanced;8;3;0,04;5;0,83;29;17;12
226;DÁŇA Vojtěch;43;10;Advanced;29;24;0,30;4;0,67;25;25;0
227;DOLEJŠÍ Marek;37;10;Advanced;6;10;0,13;5;1,00;25;13;12
228;ERNÉE Jan;44;10;Advanced;28;39;0,49;4;0,67;22;21;1
229;FIEDOR Michal;45;10;Advanced;46;49;0,61;2;0,40;18;20;-2
230;FÖLDES Tomáš;48;10;Advanced;47;30;0,38;2;0,40;17;19;-2
231;FRANK Kilián;47;10;Advanced;63;63;0,79;2;0,33;18;27;-9
232;GRUMMICH Petr;53;10;Eliminated;75;75;0,94;1;0,17;11;26;-15
233;HOUŠKA Filip;64;10;Advanced;39;28;0,35;3;0,50;22;22;0
234;CHOUN Karím;27;10;Advanced;51;53;0,66;2;0,40;16;22;-6
235;IVANČO Alexandr;69;10;Advanced;36;43;0,54;3;0,50;24;23;1
236;IVANČO Mikuláš;70;10;Advanced;38;44;0,55;3;0,50;25;25;0
237;IVANČO Robin;71;10;Advanced;34;41;0,51;3;0,50;26;24;2
238;JAMBOR Stanislav;72;10;Advanced;48;50;0,63;2;0,40;15;19;-4
239;JÍLEK Jaroslav;83;10;Advanced;50;52;0,65;2;0,40;17;23;-6
240;JIRAN Jan;79;10;Eliminated;70;70;0,88;1;0,17;16;25;-9
241;JURKA Jakub;80;10;Advanced;4;1;0,01;6;1,00;30;11;19
242;JURKA Tomáš;81;10;Eliminated;66;66;0,83;1;0,20;15;21;-6
243;KAIL Daniel;85;10;Advanced;41;45;0,56;3;0,50;23;24;-1
244;KALUS Jonáš;87;10;Advanced;33;27;0,34;3;0,50;26;21;5
245;KAŠPAR Daniel;93;10;Advanced;14;13;0,16;5;0,83;26;18;8
246;KLAUS Robert;95;10;Advanced;19;19;0,24;4;0,80;21;13;8
247;KLSÁK Adam;96;10;Eliminated;68;68;0,85;1;0,20;16;23;-7
248;KNAP Ladislav;97;10;Advanced;25;37;0,46;4;0,67;24;19;5
249;KOTALA Jan;102;10;Advanced;13;17;0,21;5;0,83;25;16;9
250;KRAJSA Tomáš;108;10;Advanced;41;45;0,56;3;0,50;23;24;-1
251;KRÁL Jiří;111;10;Advanced;58;59;0,74;2;0,33;22;27;-5
252;KROUŽECKÝ Tomáš;110;10;Advanced;23;21;0,26;4;0,67;27;22;5
253;KŘÍŽ Petr;121;10;Advanced;30;25;0,31;3;0,60;23;19;4
254;KUCHAŘ Matěj;115;10;Eliminated;74;74;0,93;1;0,17;15;28;-13
255;KULT Pavel;117;10;Eliminated;69;69;0,86;1;0,17;21;28;-7
256;LÁNÍK Jan;130;10;Advanced;5;33;0,41;6;1,00;30;14;16
257;LOKAJ Václav;125;10;Advanced;44;48;0,60;3;0,50;22;24;-2
258;LUCOVIČ Matěj;127;10;Advanced;35;42;0,53;3;0,50;25;24;1
259;LUKEŠ Matěj;128;10;Eliminated;72;72;0,90;1;0,17;16;27;-11
260;LUŠTICKÝ Josef;129;10;Eliminated;80;80;1,00;0;0,00;11;30;-19
261;MALEČEK Jakub;132;10;Advanced;53;31;0,39;2;0,33;23;25;-2
262;MAŠATA Vojtěch;138;10;Advanced;45;16;0,20;3;0,50;22;25;-3
263;MATOUŠEK David;134;10;Advanced;55;56;0,70;2;0,33;22;25;-3
264;MIČINEC Adam;145;10;Advanced;26;38;0,48;4;0,67;27;23;4
265;MOTALÍK Libor;146;10;Advanced;21;8;0,10;4;0,67;25;19;6
266;MRÁZ Pavel;147;10;Eliminated;78;78;0,98;0;0,00;12;30;-18
267;NOVÁK Martin;154;10;Advanced;40;29;0,36;3;0,50;24;25;-1
268;OMELKA Jakub;158;10;Eliminated;73;73;0,91;1;0,17;16;28;-12
269;PAVLÍK Matyáš;162;10;Advanced;2;6;0,08;6;1,00;30;7;23
270;PLÁTEK Daniel;165;10;Advanced;27;23;0,29;4;0,67;27;24;3
271;POHNAN Kryštof;166;10;Advanced;12;34;0,43;5;0,83;26;15;11
272;POKORNÝ Richard;168;10;Advanced;3;9;0,11;6;1,00;30;9;21
273;POŠTA Marek;169;10;Eliminated;71;71;0,89;1;0,17;18;29;-11
274;PROCHÁZKA Ondřej;170;10;Advanced;57;58;0,73;2;0,33;20;24;-4
275;PRYL Dobromil;171;10;Advanced;62;62;0,78;2;0,33;18;26;-8
276;PUSTĚJOVSKÝ Vladimír;173;10;Advanced;55;56;0,70;2;0,33;22;25;-3
277;RUBEŠ Martin;177;10;Advanced;7;2;0,03;5;0,83;28;14;14
278;SALZER Matěj;183;10;Advanced;17;14;0,18;4;0,80;22;11;11
279;SKROVNÝ Petr;189;10;Advanced;52;54;0,68;2;0,33;24;25;-1
280;SMRČEK Šimon;190;10;Advanced;61;61;0,76;2;0,33;19;27;-8
281;SOKOL Vratislav;195;10;Advanced;20;36;0,45;4;0,67;26;19;7
282;STEHLÍK Jan;198;10;Advanced;11;7;0,09;5;0,83;27;16;11
283;STEIS Matúš;200;10;Advanced;32;40;0,50;3;0,60;19;17;2
284;STIRBER Sebastián;202;10;Advanced;21;20;0,25;4;0,67;25;19;6
285;STRAKA Tomáš;204;10;Advanced;37;15;0,19;3;0,50;23;22;1
286;SVOBODA Tomáš (ml.);212;10;Advanced;49;51;0,64;2;0,40;18;23;-5
287;SVOBODA Tomáš Kristián (st.);213;10;Eliminated;77;77;0,96;0;0,00;11;25;-14
288;ŠTVERÁK Martin;222;10;Advanced;59;60;0,75;2;0,33;20;26;-6
289;TOMAN Jan;226;10;Advanced;16;18;0,23;4;0,80;24;13;11
290;TŮMA Marek;232;10;Eliminated;65;65;0,81;2;0,33;13;25;-12
291;VALKOVIČ Martin;236;10;Eliminated;76;76;0,95;0;0,00;19;30;-11
292;VÁVRA Miroslav;245;10;Eliminated;78;78;0,98;0;0,00;12;30;-18
293;VÍTEK Daniel;247;10;Advanced;18;35;0,44;4;0,80;19;10;9
294;VOLÁK Samuel;242;10;Advanced;31;26;0,33;3;0,60;21;19;2
295;ADDO DJAN Theodor Ezekiel;2;13;Advanced;56;56;0,70;2;0,33;17;20;-3
296;ANDERLE Petr;6;13;Advanced;45;16;0,20;3;0,50;22;25;-3
297;BALCAR Josef;8;13;Advanced;9;2;0,03;5;0,83;25;11;14
298;BEDNÁR Kryštof;10;13;Eliminated;66;66;0,83;1;0,20;12;21;-9
299;BRADÁČ Petr;19;13;Advanced;46;47;0,59;3;0,50;19;22;-3
300;COUFAL František;31;13;Advanced;6;8;0,10;6;1,00;30;19;11
301;ČAPEK Martin;33;13;Advanced;10;1;0,01;5;0,83;25;13;12
302;ČUPR Michal;34;13;Advanced;1;5;0,06;6;1,00;30;9;21
303;D'AMICO Kristian;35;13;Advanced;7;17;0,21;5;0,83;29;15;14
304;DOLEJŠÍ Marek;37;13;Advanced;19;3;0,04;4;0,80;21;18;3
305;DOŠEK Jiří;38;13;Eliminated;70;70;0,88;1;0,17;18;29;-11
306;DURYCH Martin;42;13;Advanced;43;46;0,58;3;0,50;22;24;-2
307;FIEDOR Michal;45;13;Advanced;20;34;0,43;4;0,67;28;18;10
308;FÖLDES Tomáš;48;13;Advanced;58;58;0,73;2;0,33;21;25;-4
309;FRANK Kilián;47;13;Advanced;35;29;0,36;3;0,50;23;19;4
310;GAISLER Jakub;49;13;Advanced;55;55;0,69;2;0,33;22;25;-3
311;GENZER Jiří;50;13;Advanced;59;59;0,74;2;0,33;20;24;-4
312;GRUMMICH Petr;53;13;Eliminated;78;78;0,98;0;0,00;9;30;-21
313;HABARTA Ondřej;54;13;Advanced;4;3;0,04;5;1,00;25;11;14
314;HERDA Jan;58;13;Eliminated;74;74;0,93;0;0,00;15;25;-10
315;CHOUN Karím;27;13;Advanced;39;42;0,53;3;0,50;23;23;0
316;IVANČO Alexandr;69;13;Advanced;36;30;0,38;3;0,50;24;21;3
317;IVANČO Mikuláš;70;13;Advanced;63;63;0,79;1;0,20;17;22;-5
318;IVANČO Robin;71;13;Advanced;41;44;0,55;3;0,50;23;25;-2
319;JAMBOR Stanislav;72;13;Advanced;30;37;0,46;3;0,60;20;16;4
320;JINDRA Jan;78;13;Eliminated;67;67;0,84;1;0,20;12;23;-11
321;JIRAN Jan;79;13;Eliminated;70;70;0,88;1;0,17;18;29;-11
322;KAIL Daniel;85;13;Eliminated;72;72;0,90;1;0,17;17;28;-11
323;KALUS Jonáš;87;13;Advanced;23;22;0,28;4;0,67;27;20;7
324;KAŠPAR Daniel;93;13;Advanced;5;7;0,09;5;1,00;25;12;13
325;KEDER Michal;94;13;Advanced;60;60;0,75;2;0,33;17;23;-6
326;KLAUS Robert;95;13;Advanced;16;21;0,26;4;0,80;23;14;9
327;KRAJSA Tomáš;108;13;Advanced;50;32;0,40;2;0,40;18;21;-3
328;KROUŽECKÝ Tomáš;110;13;Advanced;37;40;0,50;3;0,50;24;23;1
329;KŘÍŽ Petr;121;13;Advanced;49;50;0,63;2;0,40;18;20;-2
330;KUCHAŘ Matěj;115;13;Advanced;51;51;0,64;2;0,40;17;21;-4
331;KULT Pavel;117;13;Advanced;25;15;0,19;4;0,67;23;19;4
332;LÁNÍK Jan;130;13;Advanced;57;57;0,71;2;0,33;22;26;-4
333;LUCOVIČ Matěj;127;13;Advanced;54;54;0,68;2;0,33;25;22;3
334;LUŠTICKÝ Josef;129;13;Eliminated;76;76;0,95;0;0,00;10;30;-20
335;MAŠATA Vojtěch;138;13;Advanced;62;62;0,78;2;0,33;19;28;-9
336;MATOUŠEK David;134;13;Advanced;13;19;0,24;5;0,83;26;19;7
337;MIČINEC Adam;145;13;Eliminated;69;69;0,86;1;0,17;18;26;-8
338;MOTALÍK Libor;146;13;Advanced;18;13;0,16;4;0,80;22;18;4
339;MRÁZ Pavel;147;13;Eliminated;79;79;0,99;0;0,00;8;30;-22
340;MÜNZBERGER Vladimír;149;13;Advanced;41;44;0,55;3;0,50;23;25;-2
341;NOVÁK Martin;154;13;Eliminated;65;65;0,81;1;0,20;14;23;-9
342;OMELKA Jakub;158;13;Advanced;64;64;0,80;1;0,20;18;24;-6
343;PITRA Pavel;164;13;Advanced;3;9;0,11;6;1,00;30;10;20
344;POHNAN Kryštof;166;13;Advanced;29;36;0,45;4;0,67;21;21;0
345;PROCHÁZKA Ondřej;170;13;Advanced;12;11;0,14;5;0,83;29;21;8
346;PRYL Dobromil;171;13;Eliminated;73;73;0,91;1;0,17;16;29;-13
347;PUSTĚJOVSKÝ Vladimír;173;13;Advanced;31;27;0,34;3;0,60;18;15;3
348;RUBEŠ Martin;177;13;Advanced;1;5;0,06;6;1,00;30;9;21
349;SALZER Jiří;182;13;Advanced;24;23;0,29;4;0,67;27;21;6
350;SALZER Matěj;183;13;Advanced;22;14;0,18;4;0,67;25;17;8
351;SEJKORA Adam;188;13;Advanced;48;49;0,61;2;0,40;17;17;0
352;SMRČEK Šimon;190;13;Advanced;44;31;0,39;3;0,50;21;23;-2
353;SOKOL Vratislav;195;13;Advanced;28;26;0,33;4;0,67;25;23;2
354;STEHLÍK Jan;198;13;Advanced;17;12;0,15;4;0,80;21;16;5
355;STIRBER Sebastián;202;13;Advanced;38;41;0,51;3;0,50;23;22;1
356;SURMA Štěpán;207;13;Advanced;47;48;0,60;3;0,50;21;26;-5
357;SVOBODA Tomáš (ml.);212;13;Eliminated;75;75;0,94;0;0,00;14;25;-11
358;ŠPATENKA Martin;220;13;Advanced;27;25;0,31;4;0,67;24;21;3
359;ŠVANDA Pavel;224;13;Advanced;25;24;0,30;4;0,67;23;19;4
360;TÁBORSKÝ Lukáš;230;13;Advanced;15;33;0,41;4;0,80;23;13;10
361;TOMAN Jan;226;13;Advanced;34;39;0,49;3;0,50;25;20;5
362;TOMAN Štěpán;227;13;Eliminated;76;76;0,95;0;0,00;10;30;-20
363;TŮMA Marek;232;13;Advanced;53;53;0,66;2;0,40;14;19;-5
364;VACHOVEC Matěj;234;13;Advanced;11;18;0,23;5;0,83;28;17;11
365;VALENTA Jiří;235;13;Eliminated;80;80;1,00;0;0,00;7;30;-23
366;VALKOVIČ Martin;236;13;Eliminated;68;68;0,85;1;0,17;19;27;-8
367;VAŠÍČEK Martin;238;13;Advanced;61;61;0,76;2;0,33;20;27;-7
368;VÁVRA Vojtěch;246;13;Advanced;32;38;0,48;3;0,60;19;21;-2
369;VOLÁK Samuel;242;13;Advanced;14;20;0,25;4;0,80;24;8;16
370;WALLER Adam;250;13;Advanced;52;52;0,65;2;0,40;16;20;-4
371;WALLER Jonáš;251;13;Advanced;21;35;0,44;4;0,67;26;18;8
372;DUDUC Alex Vladimír;39;13;Advanced;8;10;0,13;5;0,83;26;12;14
373;STEIS Matúš;200;13;Advanced;40;43;0,54;3;0,50;25;26;-1
374;STOLAR Samuel;203;13;Advanced;33;28;0,35;3;0,50;24;18;6
375;BALCAR Josef;8;14;Advanced;3;5;0,08;7;1,00;35;9;26
376;BEDNÁR Kryštof;10;14;Advanced;29;35;0,57;4;0,57;25;25;0
377;BERKA Adam;14;14;Advanced;40;32;0,52;2;0,33;21;24;-3
378;BUREŠ Lukáš;22;14;Advanced;47;47;0,77;2;0,29;19;28;-9
379;ČAPEK Martin;33;14;Advanced;2;9;0,15;7;1,00;35;8;27
380;ČUPR Michal;34;14;Advanced;1;3;0,05;7;1,00;35;5;30
381;DOLEJŠÍ Marek;37;14;Advanced;5;6;0,10;6;1,00;29;14;15
382;DUDUC Alex Vladimír;39;14;Advanced;18;8;0,13;4;0,67;26;20;6
383;FIEDOR Michal;45;14;Advanced;21;22;0,36;4;0,67;23;21;2
384;FÖLDES Tomáš;48;14;Advanced;25;33;0,54;4;0,57;29;25;4
385;FRANK Kilián;47;14;Advanced;28;26;0,43;4;0,57;26;24;2
386;GAISLER Jakub;49;14;Advanced;39;40;0,66;3;0,43;23;28;-5
387;GERŽA Jakub;51;14;Eliminated;53;53;0,87;1;0,17;16;27;-11
388;HERDA Jan;58;14;Advanced;46;46;0,75;2;0,29;21;30;-9
389;HOYER Martin;65;14;Advanced;21;22;0,36;4;0,67;23;21;2
390;CHOUN Karím;27;14;Advanced;13;13;0,21;5;0,71;29;20;9
391;JAMBOR Stanislav;72;14;Eliminated;52;52;0,85;1;0,17;18;29;-11
392;JEŘÁBEK Petr;76;14;Eliminated;55;55;0,90;1;0,14;18;32;-14
393;JÍLEK Jaroslav;83;14;Eliminated;49;49;0,80;2;0,29;17;30;-13
394;JINDRA Jakub;77;14;Advanced;36;30;0,49;3;0,43;26;29;-3
395;JURKA Tomáš;81;14;Advanced;34;38;0,62;3;0,43;23;22;1
396;KARÁSEK Libor;91;14;Advanced;32;37;0,61;3;0,50;25;25;0
397;KLAUS Robert;95;14;Advanced;6;10;0,16;6;0,86;30;19;11
398;KOTALA Jan;102;14;Eliminated;50;50;0,82;1;0,17;20;25;-5
399;KOUŘIL Jan;103;14;Advanced;30;27;0,44;4;0,57;25;27;-2
400;KRAJSA Tomáš;108;14;Advanced;20;21;0,34;4;0,67;25;21;4
401;KRÁL Jiří;111;14;Eliminated;58;58;0,95;0;0,00;19;35;-16
402;KŘÍŽ Petr;121;14;Advanced;27;34;0,56;4;0,57;28;24;4
403;KULT Pavel;117;14;Advanced;24;25;0,41;4;0,57;29;21;8
404;KURÁŇ Martin;119;14;Advanced;41;41;0,67;2;0,33;19;24;-5
405;LUŠTICKÝ Josef;129;14;Eliminated;59;59;0,97;0;0,00;15;35;-20
406;MATOUŠEK David;134;14;Advanced;7;11;0,18;5;0,83;28;13;15
407;MIČINEC Adam;145;14;Advanced;42;42;0,69;2;0,33;15;26;-11
408;NOVÁK Martin;154;14;Advanced;15;18;0,30;5;0,71;29;24;5
409;PAVLÍK Matyáš;162;14;Advanced;4;1;0,02;7;1,00;35;15;20
410;PITRA Pavel;164;14;Advanced;10;2;0,03;5;0,83;28;15;13
411;POHNAN Kryštof;166;14;Advanced;12;12;0,20;5;0,71;29;19;10
412;PROCHÁZKA Ondřej;170;14;Advanced;25;16;0,26;4;0,57;29;25;4
413;PRYL Dobromil;171;14;Advanced;33;28;0,46;3;0,50;21;24;-3
414;PUSTĚJOVSKÝ Vladimír;173;14;Advanced;37;39;0,64;3;0,43;22;25;-3
415;RUBEŠ Martin;177;14;Advanced;11;3;0,05;5;0,71;30;17;13
416;SADSKÝ Jaroslav;180;14;Eliminated;57;57;0,93;1;0,14;15;34;-19
417;SALZER Matěj;183;14;Advanced;7;17;0,28;5;0,83;28;13;15
418;SOKOL Vratislav;195;14;Eliminated;54;54;0,89;1;0,17;13;26;-13
419;STEHLÍK Jan;198;14;Advanced;9;7;0,11;5;0,83;26;12;14
420;STIRBER Sebastián;202;14;Advanced;14;14;0,23;5;0,71;31;24;7
421;STUDENÝ Václav;205;14;Eliminated;61;61;1,00;0;0,00;12;35;-23
422;SURMA Štěpán;207;14;Eliminated;56;56;0,92;1;0,14;15;32;-17
423;SVOBODA Tomáš (ml.);212;14;Advanced;43;43;0,70;2;0,29;24;31;-7
424;ŠPATENKA Martin;220;14;Advanced;35;29;0,48;3;0,43;24;26;-2
425;ŠVANDA Pavel;224;14;Advanced;38;31;0,51;3;0,43;25;29;-4
426;TÁBORSKÝ Lukáš;230;14;Advanced;23;24;0,39;4;0,57;29;20;9
427;TŮMA Marek;232;14;Advanced;48;48;0,79;2;0,29;19;31;-12
428;VALKOVIČ Martin;236;14;Eliminated;60;60;0,98;0;0,00;8;30;-22
429;VAŠÍČEK Martin;238;14;Advanced;19;20;0,33;4;0,67;27;23;4
430;VÁVRA Vojtěch;246;14;Advanced;30;36;0,59;4;0,57;25;27;-2
431;VOLÁK Samuel;242;14;Advanced;17;19;0,31;5;0,71;28;26;2
432;WALLER Adam;250;14;Eliminated;51;51;0,84;1;0,17;20;26;-6
433;WALLER Jonáš;251;14;Advanced;16;15;0,25;5;0,71;29;26;3
434;TKACHENKO Danil;225;14;Advanced;45;45;0,74;2;0,29;21;29;-8
435;STEIS Matúš;200;14;Advanced;44;44;0,72;2;0,29;21;28;-7
436;ADDO DJAN Theodor Ezekiel;2;17;Advanced;38;43;0,59;3;0,50;25;23;2
437;ANDERLE Petr;6;17;Advanced;22;13;0,18;4;0,67;22;20;2
438;BALCAR Josef;8;17;Advanced;5;6;0,08;6;1,00;29;13;16
439;BEDNÁR Kryštof;10;17;Advanced;31;39;0,53;4;0,57;23;26;-3
440;BERAN Jiří;13;17;Advanced;2;1;0,01;7;1,00;35;14;21
441;BÉREŠ Daniel;23;17;Eliminated;72;72;0,99;0;0,00;18;35;-17
442;BINICHAKIS Emannouil;16;17;Advanced;57;57;0,78;2;0,29;18;31;-13
443;BÓR Karel;24;17;Eliminated;70;70;0,96;1;0,14;15;32;-17
444;COUFAL František;31;17;Advanced;10;8;0,11;5;0,83;29;17;12
445;ČAPEK Martin;33;17;Advanced;25;14;0,19;4;0,57;28;23;5
446;ČUPR Michal;34;17;Advanced;3;3;0,04;6;1,00;30;11;19
447;D'AMICO Kristian;35;17;Advanced;8;2;0,03;5;0,83;28;14;14
448;DOLEJŠÍ Marek;37;17;Advanced;14;9;0,12;5;0,83;28;20;8
449;ERNÉE Jan;44;17;Advanced;32;26;0,36;3;0,50;24;19;5
450;FIEDOR Michal;45;17;Advanced;28;38;0,52;4;0,57;30;28;2
451;FÖLDES Tomáš;48;17;Advanced;40;44;0,60;3;0,50;16;25;-9
452;FRANK Kilián;47;17;Advanced;30;25;0,34;4;0,57;24;26;-2
453;GENZER Jiří;50;17;Advanced;12;34;0,47;5;0,83;29;20;9
454;GRUMMICH Petr;53;17;Eliminated;68;68;0,93;1;0,17;9;29;-20
455;HABARTA Ondřej;54;17;Advanced;37;28;0,38;3;0,50;26;24;2
456;HERDA Jan;58;17;Eliminated;64;64;0,88;1;0,17;18;29;-11
457;HLAVÁČ Jakub;61;17;Advanced;47;49;0,67;2;0,33;20;23;-3
458;HORBACHUK Yuriy;62;17;Advanced;16;20;0,27;5;0,83;25;19;6
459;HOYER Martin;65;17;Advanced;53;31;0,42;2;0,33;20;28;-8
460;CHOUN Karím;27;17;Advanced;36;42;0,58;3;0,50;22;19;3
461;IVANČO Alexandr;69;17;Advanced;20;22;0,30;5;0,71;30;22;8
462;IVANČO Mikuláš;70;17;Advanced;54;32;0,44;2;0,33;19;28;-9
463;IVANČO Robin;71;17;Advanced;43;46;0,63;3;0,43;27;28;-1
464;JAMBOR Stanislav;72;17;Advanced;48;50;0,68;2;0,33;22;27;-5
465;JÍLEK Jaroslav;83;17;Advanced;60;60;0,82;1;0,17;20;27;-7
466;JIRAN Jan;79;17;Eliminated;73;73;1,00;0;0,00;17;35;-18
467;KAIL Daniel;85;17;Advanced;52;54;0,74;2;0,33;19;26;-7
468;KARÁSEK Libor;91;17;Advanced;45;48;0,66;3;0,43;24;31;-7
469;KAREL Petr;90;17;Advanced;58;58;0,79;1;0,17;21;28;-7
470;KAŠPAR Daniel;93;17;Advanced;8;19;0,26;5;0,83;28;14;14
471;KEDER Michal;94;17;Advanced;11;33;0,45;5;0,83;26;15;11
472;KLAUS Robert;95;17;Advanced;13;3;0,04;5;0,83;28;19;9
473;KLSÁK Adam;96;17;Advanced;27;24;0,33;4;0,57;31;29;2
474;KNAP Ladislav;97;17;Eliminated;64;64;0,88;1;0,17;18;29;-11
475;KNOP Tadeáš;98;17;Eliminated;66;66;0,90;1;0,17;16;27;-11
476;KOTALA Jan;102;17;Advanced;29;15;0,21;4;0,57;26;25;1
477;KRAJSA Tomáš;108;17;Eliminated;71;71;0,97;0;0,00;19;30;-11
478;KROUŽECKÝ Tomáš;110;17;Advanced;23;23;0,32;4;0,67;23;24;-1
479;KULT Pavel;117;17;Advanced;6;7;0,10;6;0,86;30;17;13
480;KURÁŇ Martin;119;17;Advanced;55;55;0,75;2;0,33;17;28;-11
481;LÁNÍK Jan;130;17;Advanced;46;30;0,41;2;0,33;22;24;-2
482;LOKAJ Václav;125;17;Advanced;7;18;0,25;5;0,83;29;14;15
483;LUCOVIČ Matěj;127;17;Eliminated;61;61;0,84;1;0,17;20;28;-8
484;MAŠATA Vojtěch;138;17;Advanced;39;16;0,22;3;0,50;22;22;0
485;MATOUŠEK David;134;17;Advanced;33;40;0,55;3;0,50;25;21;4
486;MIČINEC Adam;145;17;Advanced;35;41;0,56;3;0,50;25;22;3
487;MOTALÍK Libor;146;17;Advanced;34;27;0,37;3;0,50;23;19;4
488;NOVOTNÝ Šimon;153;17;Advanced;44;47;0,64;3;0,43;25;30;-5
489;PITRA Pavel;164;17;Advanced;17;11;0,15;5;0,83;25;21;4
490;PROCHÁZKA Ondřej;170;17;Advanced;49;51;0,70;2;0,33;21;26;-5
491;PUSTĚJOVSKÝ Vladimír;173;17;Advanced;41;29;0,40;3;0,43;25;23;2
492;RUBEŠ Martin;177;17;Advanced;1;5;0,07;7;1,00;35;12;23
493;SALZER Matěj;183;17;Advanced;4;17;0,23;6;1,00;30;13;17
494;SKROVNÝ Petr;189;17;Eliminated;63;63;0,86;1;0,17;20;29;-9
495;SMRČEK Šimon;190;17;Eliminated;62;62;0,85;1;0,17;19;27;-8
496;STEHLÍK Jan;198;17;Advanced;15;10;0,14;5;0,83;29;22;7
497;STIRBER Sebastián;202;17;Advanced;18;21;0,29;5;0,71;30;17;13
498;STRAKA Tomáš;204;17;Advanced;21;12;0,16;4;0,67;28;19;9
499;SVOBODA Tomáš Kristián (st.);213;17;Advanced;26;37;0,51;4;0,57;30;27;3
500;ŠPATENKA Martin;220;17;Advanced;19;35;0,48;5;0,71;30;21;9
501;ŠVANDA Pavel;224;17;Advanced;42;45;0,62;3;0,43;25;24;1
502;TÁBORSKÝ Lukáš;230;17;Advanced;58;58;0,79;1;0,17;21;28;-7
503;TŮMA Marek;232;17;Advanced;51;53;0,73;2;0,33;20;27;-7
504;VALKOVIČ Martin;236;17;Eliminated;67;67;0,92;1;0,17;17;29;-12
505;VÁVRA Vojtěch;246;17;Advanced;56;56;0,77;2;0,29;23;27;-4
506;VÍTEK Daniel;247;17;Eliminated;69;69;0,95;1;0,14;15;31;-16
507;WALLER Adam;250;17;Advanced;24;36;0,49;4;0,67;21;22;-1
508;WALLER Jonáš;251;17;Advanced;50;52;0,71;2;0,33;18;23;-5
509;ANDERLE Petr;6;18;Advanced;23;21;0,28;5;0,71;28;26;2
510;BALCAR Josef;8;18;Advanced;4;6;0,08;6;1,00;30;17;13
511;BEDNÁR Kryštof;10;18;Eliminated;64;64;0,85;1;0,17;15;27;-12
512;BĚLOHOUBEK Matouš;25;18;Eliminated;75;75;1,00;0;0,00;13;34;-21
513;BERAN Jiří;13;18;Advanced;6;3;0,04;6;0,86;34;14;20
514;BRADÁČ Petr;19;18;Advanced;38;41;0,55;3;0,50;22;25;-3
515;COUFAL František;31;18;Advanced;13;13;0,17;5;0,83;29;14;15
516;ČAPEK Martin;33;18;Advanced;10;11;0,15;6;0,86;30;17;13
517;ČUPR Michal;34;18;Advanced;1;3;0,04;7;1,00;35;11;24
518;D'AMICO Kristian;35;18;Advanced;15;14;0,19;5;0,83;29;19;10
519;DOLEJŠÍ Marek;37;18;Advanced;3;9;0,12;6;1,00;30;16;14
520;ERNÉE Jan;44;18;Advanced;31;37;0,49;4;0,57;25;24;1
521;FIEDOR Michal;45;18;Advanced;46;31;0,41;3;0,43;23;30;-7
522;FÖLDES Tomáš;48;18;Advanced;59;59;0,79;2;0,29;25;33;-8
523;FRANK Kilián;47;18;Eliminated;66;66;0,88;1;0,14;19;28;-9
524;GRUMMICH Petr;53;18;Eliminated;73;73;0,97;0;0,00;11;30;-19
525;HABARTA Ondřej;54;18;Advanced;16;18;0,24;5;0,83;26;16;10
526;HERDA Jan;58;18;Eliminated;63;63;0,84;1;0,17;17;28;-11
527;HORBACHUK Yuriy;62;18;Advanced;39;42;0,56;3;0,50;21;24;-3
528;HOYER Martin;65;18;Advanced;32;38;0,51;3;0,50;23;18;5
529;CHOUN Karím;27;18;Advanced;20;19;0,25;5;0,71;29;23;6
530;IVANČO Alexandr;69;18;Advanced;22;15;0,20;5;0,71;26;23;3
531;IVANČO Mikuláš;70;18;Advanced;54;54;0,72;2;0,33;18;27;-9
532;IVANČO Robin;71;18;Advanced;27;25;0,33;4;0,57;29;23;6
533;JAMBOR Stanislav;72;18;Advanced;28;36;0,48;4;0,57;28;23;5
534;JÍLEK Jaroslav;83;18;Advanced;60;60;0,80;2;0,29;19;28;-9
535;JURKA Jakub;80;18;Advanced;5;1;0,01;6;0,86;30;9;21
536;KALUS Jonáš;87;18;Advanced;34;29;0,39;3;0,50;23;21;2
537;KARÁSEK Libor;91;18;Advanced;51;51;0,68;2;0,33;19;24;-5
538;KAREL Petr;90;18;Advanced;58;58;0,77;2;0,29;24;31;-7
539;KAŠPAR Daniel;93;18;Advanced;30;27;0,36;4;0,57;27;25;2
540;KLAUS Robert;95;18;Advanced;8;10;0,13;6;0,86;30;16;14
541;KLSÁK Adam;96;18;Advanced;57;57;0,76;2;0,29;25;32;-7
542;KNAP Ladislav;97;18;Eliminated;70;70;0,93;1;0,14;18;33;-15
543;KOTALA Jan;102;18;Advanced;49;49;0,65;2;0,33;21;23;-2
544;KRAJSA Tomáš;108;18;Advanced;36;40;0,53;3;0,50;24;25;-1
545;KROUŽECKÝ Tomáš;110;18;Advanced;50;50;0,67;2;0,33;23;26;-3
546;KUF Jan;116;18;Advanced;9;7;0,09;6;0,86;32;19;13
547;LÁNÍK Jan;130;18;Advanced;40;43;0,57;3;0,50;22;27;-5
548;LOKAJ Václav;125;18;Advanced;17;33;0,44;5;0,83;25;21;4
549;LUKEŠ Matěj;128;18;Eliminated;65;65;0,87;1;0,17;12;28;-16
550;MALEČEK Jakub;132;18;Advanced;55;55;0,73;2;0,29;26;28;-2
551;MATOUŠEK David;134;18;Advanced;29;26;0,35;4;0,57;27;23;4
552;MIČINEC Adam;145;18;Advanced;41;44;0,59;3;0,43;28;26;2
553;MOTALÍK Libor;146;18;Advanced;42;45;0,60;3;0,43;23;25;-2
554;NOVÁK Martin;154;18;Advanced;56;56;0,75;2;0,29;26;30;-4
555;OSIČKA Adam;160;18;Advanced;25;23;0,31;4;0,67;23;20;3
556;PAVLÍK Matyáš;162;18;Advanced;2;5;0,07;6;1,00;28;7;21
557;PITRA Pavel;164;18;Advanced;14;8;0,11;5;0,83;28;13;15
558;POKORNÝ Richard;168;18;Advanced;24;22;0,29;4;0,67;25;15;10
559;PROCHÁZKA Ondřej;170;18;Advanced;47;32;0,43;3;0,43;22;30;-8
560;PRYL Dobromil;171;18;Advanced;45;48;0,64;3;0,43;23;27;-4
561;PUSTĚJOVSKÝ Vladimír;173;18;Advanced;33;28;0,37;3;0,50;24;20;4
562;RUBEŠ Martin;177;18;Advanced;7;2;0,03;6;0,86;32;15;17
563;ŘEZANKA Ota;179;18;Advanced;18;34;0,45;5;0,71;31;24;7
564;SALAČ Vojtěch;181;18;Eliminated;72;72;0,96;0;0,00;14;30;-16
565;SALZER Jiří;182;18;Advanced;53;53;0,71;2;0,33;20;26;-6
566;SALZER Matěj;183;18;Advanced;12;12;0,16;5;0,83;29;12;17
567;SKROVNÝ Petr;189;18;Eliminated;67;67;0,89;1;0,14;22;32;-10
568;SMRČEK Šimon;190;18;Eliminated;69;68;0,91;1;0,14;19;33;-14
569;SOKOL Vratislav;195;18;Advanced;35;39;0,52;3;0,50;23;22;1
570;STEHLÍK Jan;198;18;Advanced;26;24;0,32;4;0,67;24;23;1
571;STIRBER Sebastián;202;18;Advanced;19;35;0,47;5;0,71;28;21;7
572;STRAKA Tomáš;204;18;Advanced;11;17;0,23;6;0,86;31;22;9
573;SVOBODA Tomáš (ml.);212;18;Eliminated;71;71;0,95;1;0,14;12;33;-21
574;SVOBODA Tomáš Kristián (st.);213;18;Eliminated;74;74;0,99;0;0,00;10;30;-20
575;ŠPATENKA Martin;220;18;Advanced;52;52;0,69;2;0,33;21;27;-6
576;ŠVANDA Pavel;224;18;Advanced;21;20;0,27;5;0,71;28;22;6
577;TÁBORSKÝ Lukáš;230;18;Eliminated;68;68;0,91;1;0,14;19;33;-14
578;TOMAN Jan;226;18;Advanced;48;16;0,21;2;0,33;23;23;0
579;TŮMA Marek;232;18;Eliminated;62;62;0,83;1;0,17;21;28;-7
580;VALKOVIČ Martin;236;18;Eliminated;61;61;0,81;2;0,29;18;32;-14
581;VAŠÍČEK Martin;238;18;Advanced;37;30;0,40;3;0,50;23;24;-1
582;VÁVRA Vojtěch;246;18;Advanced;43;46;0,61;3;0,43;25;28;-3
583;WALLER Jonáš;251;18;Advanced;44;47;0,63;3;0,43;21;24;-3
584;ADDO DJAN Theodor Ezekiel;2;19;Advanced;22;33;0,41;4;0,67;24;17;7
585;AIGERMAN František;3;19;Eliminated;79;79;0,98;0;0,00;13;34;-21
586;AIGERMAN Oliver;4;19;Eliminated;69;69;0,85;1;0,17;14;27;-13
587;ALMER Vojtěch;5;19;Eliminated;68;68;0,84;2;0,29;17;32;-15
588;ARTAZOV Maxmilián;7;19;Eliminated;73;73;0,90;1;0,14;14;32;-18
589;BALCAR Josef;8;19;Advanced;18;2;0,02;4;0,67;26;14;12
590;BEDNÁR Kryštof;10;19;Advanced;55;55;0,68;2;0,33;22;26;-4
591;BĚLOHOUBEK Matouš;25;19;Eliminated;70;70;0,86;1;0,17;14;28;-14
592;BILKO Martin;15;19;Advanced;39;30;0,37;3;0,50;21;20;1
593;BOSÁK Štěpán;18;19;Eliminated;75;75;0,93;0;0,00;16;30;-14
594;BRADÁČ Petr;19;19;Advanced;46;46;0,57;3;0,50;21;25;-4
595;CIMPA Miroslav;30;19;Eliminated;67;67;0,83;2;0,29;22;33;-11
596;ČAPEK Martin;33;19;Advanced;43;8;0,10;3;0,50;21;22;-1
597;ČUPR Michal;34;19;Advanced;10;12;0,15;6;0,86;33;10;23
598;D'AMICO Kristian;35;19;Advanced;5;10;0,12;6;1,00;30;10;20
599;DOLEJŠÍ Marek;37;19;Advanced;15;19;0,23;5;0,83;27;17;10
600;DOŠEK Jiří;38;19;Advanced;40;31;0,38;3;0,50;23;23;0
601;FIEDOR Michal;45;19;Advanced;9;7;0,09;6;1,00;30;17;13
602;FRANK Kilián;47;19;Advanced;26;36;0,44;4;0,57;25;20;5
603;GAISLER Jakub;49;19;Advanced;49;49;0,60;3;0,43;24;23;1
604;GENZER Jiří;50;19;Eliminated;77;77;0,95;0;0,00;12;30;-18
605;GRUMMICH Petr;53;19;Eliminated;81;81;1,00;0;0,00;6;30;-24
606;HERDA Jan;58;19;Advanced;38;42;0,52;3;0,50;22;21;1
607;HOYER Martin;65;19;Advanced;25;35;0,43;4;0,57;29;19;10
608;CHOUN Karím;27;19;Advanced;41;32;0,40;3;0,50;25;26;-1
609;IVANČO Alexandr;69;19;Advanced;29;26;0,32;4;0,57;26;24;2
610;IVANČO Mikuláš;70;19;Advanced;45;45;0,56;3;0,50;23;26;-3
611;IVANČO Robin;71;19;Advanced;56;56;0,69;2;0,33;22;27;-5
612;JIRAN Jan;79;19;Advanced;57;57;0,70;2;0,33;20;25;-5
613;JURKA Jakub;80;19;Advanced;1;1;0,01;7;1,00;35;5;30
614;KAIL Daniel;85;19;Advanced;32;38;0,47;4;0,57;24;23;1
615;KAŠPAR Daniel;93;19;Advanced;58;58;0,72;2;0,33;20;27;-7
616;KLAUS Robert;95;19;Advanced;19;16;0,20;4;0,67;24;13;11
617;KLSÁK Adam;96;19;Advanced;64;64;0,79;2;0,29;21;28;-7
618;KNOP Tadeáš;98;19;Eliminated;66;66;0,81;2;0,29;22;32;-10
619;KOTALA Jan;102;19;Advanced;23;23;0,28;4;0,67;24;19;5
620;KROUŽECKÝ Tomáš;110;19;Advanced;42;43;0,53;3;0,50;24;25;-1
621;KUF Jan;116;19;Advanced;5;5;0,06;6;1,00;30;10;20
622;KUCHAŘ Matěj;115;19;Advanced;32;28;0,35;4;0,57;24;23;1
623;LÁNÍK Jan;130;19;Advanced;54;54;0,67;2;0,33;20;22;-2
624;LOKAJ Václav;125;19;Advanced;36;40;0,49;3;0,50;21;15;6
625;MATOUŠEK David;134;19;Advanced;28;25;0,31;4;0,57;31;28;3
626;MOTALÍK Libor;146;19;Advanced;20;21;0,26;4;0,67;28;21;7
627;NOVÁK Martin;154;19;Advanced;16;15;0,19;5;0,83;26;17;9
628;NOVOTNÝ Šimon;153;19;Advanced;59;59;0,73;2;0,33;17;25;-8
629;PAVLÍK Matyáš;162;19;Advanced;14;18;0,22;5;0,83;28;18;10
630;PITRA Pavel;164;19;Advanced;13;14;0,17;5;0,83;29;14;15
631;PROCHÁZKA Ondřej;170;19;Advanced;31;27;0,33;4;0,57;25;24;1
632;PRYL Dobromil;171;19;Advanced;60;60;0,74;2;0,33;19;28;-9
633;PUSTĚJOVSKÝ Vladimír;173;19;Advanced;21;22;0,27;4;0,67;26;19;7
634;RUBEŠ Martin;177;19;Advanced;4;3;0,04;7;1,00;34;14;20
635;ŘEZANKA Ota;179;19;DNF;999;999;1,00;0;0,00;0;0;0
636;SALZER Matěj;183;19;Advanced;12;13;0,16;5;0,83;27;11;16
637;SEDLÁK Petr;185;19;Eliminated;78;78;0,96;0;0,00;11;30;-19
638;SCHÖPPEL Karel;184;19;Eliminated;80;80;0,99;0;0,00;9;30;-21
639;SKROVNÝ Petr;189;19;Advanced;50;50;0,62;3;0,43;24;29;-5
640;SMRČEK Šimon;190;19;Advanced;34;39;0,48;4;0,57;28;29;-1
641;SOKOL Vratislav;195;19;Advanced;52;52;0,64;2;0,33;21;21;0
642;STEHLÍK Jan;198;19;Advanced;37;41;0,51;3;0,50;25;22;3
643;STEHLÍK Vojtěch;199;19;Advanced;63;63;0,78;2;0,29;23;30;-7
644;STIRBER Sebastián;202;19;Advanced;27;24;0,30;4;0,57;30;26;4
645;STRAKA Tomáš;204;19;Eliminated;65;65;0,80;2;0,29;20;29;-9
646;SVOBODA Bohumil Jiří;208;19;Advanced;24;34;0,42;4;0,67;25;22;3
647;SVOBODA Tomáš Kristián (st.);213;19;Advanced;48;48;0,59;3;0,50;20;26;-6
648;ŠILHÁN Jindřich;219;19;Advanced;60;60;0,74;2;0,33;19;28;-9
649;ŠPATENKA Martin;220;19;Eliminated;72;72;0,89;1;0,14;15;33;-18
650;TÁBORSKÝ Lukáš;230;19;Advanced;62;62;0,77;2;0,29;22;28;-6
651;TOMAN Jan;226;19;Advanced;2;9;0,11;7;1,00;35;12;23
652;TŮMA Marek;232;19;Advanced;51;51;0,63;3;0,43;23;29;-6
653;VALKOVIČ Martin;236;19;Advanced;44;44;0,54;3;0,50;21;23;-2
654;VÁVRA Miroslav;245;19;Eliminated;74;74;0,91;1;0,14;12;33;-21
655;VÁVRA Vojtěch;246;19;Advanced;53;53;0,65;2;0,33;21;23;-2
656;VÍTEK Daniel;247;19;Eliminated;76;76;0,94;0;0,00;13;30;-17
657;VLACH Šimon;240;19;Advanced;47;47;0,58;3;0,50;17;21;-4
658;WALLER Adam;250;19;Eliminated;71;71;0,88;1;0,14;18;33;-15
659;WALLER Jonáš;251;19;Advanced;8;11;0,14;6;1,00;28;14;14
660;JAVAKHISHVILI Georgii;75;19;Advanced;11;17;0,21;6;0,86;31;13;18
661;DUDUC Alex Vladimír;39;19;Advanced;7;6;0,07;6;1,00;29;12;17
662;STEIS Matúš;200;19;Advanced;17;20;0,25;5;0,71;27;23;4
663;STOLAR Samuel;203;19;Advanced;30;37;0,46;4;0,57;27;26;1
664;SZALAY Jan;216;19;Advanced;35;29;0,36;3;0,50;26;20;6
665;HEREY Anatoliy;59;19;Advanced;2;3;0,04;7;1,00;35;12;23
666;SÝKORA Adam Herbert;215;21;Eliminated;68;68;0,91;1;0,14;34;14;-20
667;ADDO DJAN Theodor Ezekiel;2;21;Eliminated;66;66;0,88;1;0,14;30;15;-15
668;ALMER Vojtěch;5;21;Eliminated;65;65;0,87;1;0,17;29;15;-14
669;ANDERLE Petr;6;21;Advanced;3;5;0,07;7;1,00;35;15;20
670;BALCAR Josef;8;21;Advanced;15;16;0,21;5;0,83;27;22;5
671;BEDNÁR Kryštof;10;21;Advanced;16;17;0,23;4;0,80;21;17;4
672;BOSÁK Štěpán;18;21;Advanced;47;47;0,63;3;0,43;22;27;-5
673;BRADÁČ Petr;19;21;Advanced;31;37;0,49;4;0,57;25;22;3
674;ČAPEK Martin;33;21;Advanced;5;6;0,08;5;1,00;25;7;18
675;CIMLER Čestmír;29;21;Eliminated;62;62;0,83;1;0,20;22;16;-6
676;COUFAL František;31;21;Advanced;4;2;0,03;7;1,00;34;15;19
677;ČUPR Michal;34;21;Advanced;10;8;0,11;5;0,83;28;14;14
678;D'AMICO Kristian;35;21;Advanced;2;3;0,04;7;1,00;35;9;26
679;DOLEJŠÍ Marek;37;21;Advanced;32;27;0,36;4;0,57;29;29;0
680;FIEDOR Michal;45;21;Advanced;37;29;0,39;3;0,50;25;21;4
681;FÖLDES Tomáš;48;21;Eliminated;63;63;0,84;1;0,17;29;23;-6
682;FRANK Kilián;47;21;Advanced;33;38;0,51;4;0,57;26;26;0
683;GAISLER Jakub;49;21;Advanced;48;48;0,64;3;0,43;21;26;-5
684;GIL Matyáš;52;21;Eliminated;70;70;0,93;0;0,00;35;20;-15
685;GRUMMICH Petr;53;21;Advanced;59;59;0,79;2;0,29;19;33;-14
686;HERDA Jan;58;21;Advanced;36;40;0,53;3;0,50;26;20;6
687;HLAVÁČ Jakub;61;21;Advanced;23;22;0,29;4;0,67;24;19;5
688;HÖBAUS Max;68;21;Eliminated;74;74;0,99;0;0,00;35;14;-21
689;HOYER Martin;65;21;Advanced;21;33;0,44;5;0,71;29;23;6
690;HRONEK Ondřej;67;21;Advanced;50;50;0,67;3;0,43;20;29;-9
691;CHOUN Karím;27;21;Advanced;40;31;0,41;3;0,50;21;22;-1
692;IVANČO Alexandr;69;21;Advanced;7;11;0,15;6;0,86;33;17;16
693;IVANČO Mikuláš;70;21;Advanced;49;49;0,65;3;0,43;20;25;-5
694;IVANČO Robin;71;21;Advanced;54;54;0,72;2;0,33;22;28;-6
695;JAMBOR Stanislav;72;21;Advanced;43;44;0,59;3;0,43;25;28;-3
696;JANŮ Gael;74;21;Advanced;34;28;0,37;4;0,57;25;25;0
697;JÍLEK Jaroslav;83;21;Advanced;52;52;0,69;2;0,40;14;20;-6
698;JIRAN Jan;79;21;Eliminated;72;72;0,96;0;0,00;35;17;-18
699;KAIL Daniel;85;21;Advanced;55;55;0,73;2;0,29;24;28;-4
700;KEDER Michal;94;21;Advanced;28;36;0,48;4;0,57;25;20;5
701;KLAUS Robert;95;21;Advanced;17;3;0,04;5;0,71;32;19;13
702;KNAP Ladislav;97;21;Advanced;56;56;0,75;2;0,29;23;28;-5
703;KOTALA Jan;102;21;Eliminated;64;64;0,85;1;0,17;26;17;-9
704;KOUŘIL Jan;103;21;Advanced;24;23;0,31;4;0,67;27;23;4
705;KRAJSA Tomáš;108;21;Advanced;45;45;0,60;3;0,43;25;30;-5
706;KROUŽECKÝ Tomáš;110;21;Advanced;61;61;0,81;1;0,20;17;22;-5
707;KUCHAŘ Matěj;115;21;Advanced;38;30;0,40;3;0,50;23;24;-1
708;KULT Pavel;117;21;Advanced;27;24;0,32;4;0,57;28;23;5
709;LÁNÍK Jan;130;21;Advanced;14;15;0,20;5;0,83;27;21;6
710;LOKAJ Václav;125;21;Advanced;18;18;0,24;5;0,71;30;18;12
711;LUŠTICKÝ Josef;129;21;Advanced;51;51;0,68;2;0,40;16;21;-5
712;MOTALÍK Libor;146;21;Advanced;26;35;0,47;4;0,57;29;24;5
713;NECHAY Pavel;152;21;Eliminated;67;67;0,89;1;0,14;34;16;-18
714;NOVÁK Martin;154;21;Advanced;21;21;0,28;5;0,71;29;23;6
715;OMELKA Antonín;157;21;Advanced;58;58;0,77;2;0,29;20;29;-9
716;PAVLÍK Matyáš;162;21;Advanced;9;7;0,09;6;0,86;34;19;15
717;PROCHÁZKA Ondřej;170;21;Advanced;8;12;0,16;6;0,86;32;16;16
718;PRYL Dobromil;171;21;Advanced;30;26;0,35;4;0,57;27;24;3
719;PUSTĚJOVSKÝ Vladimír;173;21;DNF;999;999;1,00;0;0,00;0;0;0
720;RUBEŠ Martin;177;21;Advanced;11;1;0,01;5;0,83;29;16;13
721;SADSKÝ Jaroslav;180;21;Advanced;60;60;0,80;2;0,29;16;32;-16
722;SALZER Matěj;183;21;Advanced;1;9;0,12;7;1,00;35;8;27
723;SKROVNÝ Petr;189;21;Advanced;19;19;0,25;5;0,71;31;20;11
724;SMÍTKA Jan;192;21;Advanced;57;57;0,76;2;0,29;22;31;-9
725;SMRČEK Šimon;190;21;Advanced;41;42;0,56;3;0,50;20;24;-4
726;SOKOL Vratislav;195;21;Advanced;29;25;0,33;4;0,57;28;24;4
727;STEIS Matúš;200;21;Advanced;42;43;0,57;3;0,43;23;22;1
728;STIRBER Sebastián;202;21;Advanced;12;13;0,17;5;0,83;28;21;7
729;SVOBODA Tomáš Kristián (st.);213;21;Eliminated;73;73;0,97;0;0,00;35;16;-19
730;ŠPATENKA Martin;220;21;Advanced;20;20;0,27;5;0,71;31;24;7
731;ŠTVERÁK Martin;222;21;Advanced;53;53;0,71;2;0,33;23;24;-1
732;TÁBORSKÝ Lukáš;230;21;Advanced;38;41;0,55;3;0,50;23;24;-1
733;TOMAN Jan;226;21;Advanced;6;10;0,13;6;0,86;34;14;20
734;TŮMA Marek;232;21;Eliminated;69;69;0,92;1;0,00;29;17;-12
735;VACHOVEC Matěj;234;21;Advanced;13;14;0,19;5;0,83;27;20;7
736;VALKOVIČ Martin;236;21;Advanced;45;45;0,60;3;0,43;25;30;-5
737;VASIC Filip;237;21;Eliminated;71;71;0,95;0;0,00;30;14;-16
738;VONDRA Matouš;243;21;Advanced;35;39;0,52;4;0,57;25;26;-1
739;WALLER Adam;250;21;Advanced;43;32;0,43;3;0,43;25;28;-3
740;WALLER Jonáš;251;21;Advanced;25;34;0,45;4;0,57;29;23;6
741;ZELENKA Jiří;253;21;Eliminated;75;75;1,00;0;0,00;35;13;-22
742;ADAM Ondřej;1;23;Advanced;76;76;0,78;2;0,25;22;35;-13
743;ADDO DJAN Theodor Ezekiel;2;23;Advanced;8;20;0,21;7;0,88;39;22;17
744;ALMER Vojtěch;5;23;Advanced;64;60;0,62;3;0,38;27;33;-6
745;ANDERLE Petr;6;23;Advanced;48;50;0,52;4;0,50;32;30;2
746;ARTAZOV Maxmilián;7;23;Advanced;75;75;0,77;2;0,25;26;35;-9
747;BALCAR Josef;8;23;Advanced;4;10;0,10;8;1,00;38;16;22
748;BAUER Jiří;9;23;Advanced;76;76;0,78;2;0,25;22;35;-13
749;BEDNÁR Kryštof;10;23;Advanced;45;30;0,31;4;0,50;32;27;5
750;BÉREŠ Daniel;23;23;Eliminated;90;90;0,93;1;0,13;16;38;-22
751;BOSÁK Štěpán;18;23;Advanced;14;5;0,05;6;0,75;37;19;18
752;BRADÁČ Petr;19;23;Advanced;28;26;0,27;5;0,71;28;21;7
753;CIMPA Miroslav;30;23;Advanced;61;68;0,70;3;0,38;31;34;-3
754;ČAPEK Martin;33;23;Advanced;1;17;0,18;8;1,00;40;8;32
755;ČUPR Michal;34;23;Advanced;2;2;0,02;8;1,00;40;9;31
756;D'AMICO Kristian;35;23;Advanced;9;4;0,04;7;0,88;35;18;17
757;DÁŇA Vojtěch;43;23;Advanced;29;27;0,28;5;0,71;31;26;5
758;DOLEJŠÍ Marek;37;23;Advanced;39;16;0,16;4;0,57;29;20;9
759;DOŠEK Jiří;38;23;Advanced;55;55;0,57;4;0,50;30;31;-1
760;DUDUC Alex Vladimír;39;23;Advanced;23;6;0,06;6;0,75;35;26;9
761;DURYCH Martin;42;23;Advanced;22;14;0,14;6;0,75;33;23;10
762;FIEDOR Michal;45;23;Advanced;16;12;0,12;6;0,75;35;21;14
763;FRANK Kilián;47;23;Advanced;24;25;0,26;6;0,75;33;24;9
764;GAISLER Jakub;49;23;Advanced;72;64;0,66;2;0,29;23;28;-5
765;GENZER Jiří;50;23;Advanced;73;73;0,75;2;0,29;22;30;-8
766;GRUMMICH Petr;53;23;Advanced;79;79;0,81;2;0,25;22;36;-14
767;HEREY Anatoliy;59;23;Advanced;3;9;0,09;8;1,00;40;10;30
768;HLAVÁČ Jakub;61;23;Advanced;43;47;0,48;4;0,57;26;23;3
769;HOYER Martin;65;23;Advanced;11;33;0,34;7;0,88;39;26;13
770;HRADEČNÝ Vojtěch;66;23;Eliminated;94;94;0,97;0;0,00;10;35;-25
771;CHOUN Karím;27;23;Advanced;46;48;0,49;4;0,50;32;29;3
772;IVANČO Alexandr;69;23;Advanced;21;36;0,37;6;0,75;37;27;10
773;IVANČO Mikuláš;70;23;Advanced;37;42;0,43;5;0,63;31;30;1
774;IVANČO Robin;71;23;Advanced;42;46;0,47;4;0,57;29;26;3
775;JAMBOR Stanislav;72;23;Advanced;34;40;0,41;5;0,63;33;31;2
776;JAVAKHISHVILI Georgii;75;23;Advanced;27;3;0,03;5;0,71;32;22;10
777;JÍLEK Jaroslav;83;23;Advanced;57;65;0,67;4;0,50;28;29;-1
778;JINDRA Jan;78;23;Advanced;70;63;0,65;3;0,38;27;37;-10
779;JIRAN Jan;79;23;Advanced;74;74;0,76;2;0,25;29;35;-6
780;KAIL Daniel;85;23;Eliminated;85;85;0,88;1;0,13;21;37;-16
781;KEDER Michal;94;23;Advanced;52;54;0,56;4;0,50;32;32;0
782;KNOP Tadeáš;98;23;Eliminated;89;89;0,92;1;0,13;18;38;-20
783;KOLBE Stanislav;99;23;Eliminated;87;87;0,90;1;0,13;20;39;-19
784;KONEČNÝ Antonín;100;23;Advanced;64;69;0,71;3;0,38;27;33;-6
785;KOUŘIL Jan;103;23;Advanced;41;45;0,46;4;0,57;27;22;5
786;KOVACKI Milos;104;23;Advanced;6;18;0,19;7;0,88;38;19;19
787;KRACMAN Tomáš;107;23;Eliminated;92;92;0,95;0;0,00;20;40;-20
788;KROUŽECKÝ Tomáš;110;23;Advanced;40;44;0,45;4;0,57;31;26;5
789;KUCHAŘ Matěj;115;23;Advanced;67;61;0,63;3;0,38;26;33;-7
790;KULT Pavel;117;23;Advanced;20;35;0,36;6;0,75;36;25;11
791;KURÁŇ Martin;119;23;Advanced;31;28;0,29;5;0,63;34;27;7
792;LÁNÍK Jan;130;23;Advanced;36;41;0,42;5;0,63;33;32;1
793;LIBICH Vladimír;124;23;Eliminated;82;82;0,85;1;0,14;12;32;-20
794;LUŠTICKÝ Josef;129;23;Eliminated;88;88;0,91;1;0,13;18;37;-19
795;MALÝ Vojtěch;133;23;Advanced;58;57;0,59;4;0,50;28;30;-2
796;MATOUŠEK David;134;23;Advanced;25;37;0,38;6;0,75;35;27;8
797;MAZANEC Matěj;135;23;Advanced;60;67;0,69;3;0,38;28;30;-2
798;MAZANEC Vojtěch;136;23;Eliminated;96;96;0,99;0;0,00;12;40;-28
799;MIČINEC Adam;145;23;Advanced;56;56;0,58;4;0,50;29;30;-1
800;MÜNZBERGER Vladimír;149;23;Advanced;79;79;0,81;2;0,25;22;36;-14
801;MUSIL Tomáš;148;23;Advanced;53;31;0,32;4;0,50;30;30;0
802;NÁROVEC Václav;155;23;Advanced;66;70;0,72;3;0,38;27;34;-7
803;NOVÁK Martin;154;23;Advanced;51;53;0,55;4;0,50;31;30;1
804;NOVOTNÝ Šimon;153;23;Advanced;50;52;0,54;4;0,50;32;31;1
805;OCHEC Prokop;156;23;Eliminated;91;91;0,94;1;0,13;14;36;-22
806;OMELKA Antonín;157;23;DNF;999;999;1,00;0;0,00;0;0;0
807;PATOČKA Marek;161;23;Eliminated;93;93;0,96;0;0,00;19;40;-21
808;PAVLÍK Matyáš;162;23;Advanced;7;19;0,20;7;0,88;39;21;18
809;PITRA Pavel;164;23;Advanced;12;34;0,35;6;0,86;33;18;15
810;PROCHÁZKA Ondřej;170;23;Advanced;19;24;0,25;6;0,75;34;22;12
811;PRYL Dobromil;171;23;Advanced;59;66;0,68;3;0,43;27;27;0
812;PUSTĚJOVSKÝ Vladimír;173;23;Advanced;32;39;0,40;5;0,63;30;25;5
813;RUBEŠ Martin;177;23;Advanced;13;1;0,01;6;0,75;38;20;18
814;RUSIN Illia;178;23;Advanced;63;59;0,61;3;0,38;28;32;-4
815;SADSKÝ Jaroslav;180;23;Eliminated;81;81;0,84;2;0,25;21;36;-15
816;SALZER Matěj;183;23;Advanced;5;11;0,11;7;1,00;35;13;22
817;SMRČEK Šimon;190;23;Advanced;69;62;0,64;3;0,38;24;31;-7
818;SMUTNÝ Richard;191;23;Advanced;62;58;0,60;3;0,38;30;33;-3
819;SOKOLOV Sevastyan;196;23;Advanced;47;49;0,51;4;0,50;30;27;3
820;STEHLÍK Jan;198;23;Advanced;33;7;0,07;5;0,63;29;24;5
821;STEIS Matúš;200;23;Advanced;38;43;0,44;5;0,63;30;29;1
822;STIRBER Sebastián;202;23;Advanced;10;21;0,22;7;0,88;39;24;15
823;STOLAR Samuel;203;23;Advanced;15;22;0,23;6;0,75;36;22;14
824;SVOBODA Bohumil Jiří;208;23;Advanced;17;23;0,24;6;0,75;37;24;13
825;SVOBODA Ivo;209;23;Advanced;71;72;0,74;3;0,38;23;34;-11
826;SVOBODA Jakub;211;23;Eliminated;97;97;1,00;0;0,00;9;39;-30
827;SVOBODA Tomáš Kristián (st.);213;23;Eliminated;83;83;0,86;1;0,13;24;35;-11
828;ŠILHÁN Jindřich;219;23;Advanced;67;71;0,73;3;0,38;26;33;-7
829;ŠPATENKA Martin;220;23;Advanced;25;15;0,15;6;0,75;35;27;8
830;ŠVANDA Pavel;224;23;Advanced;44;8;0,08;4;0,50;34;27;7
831;TÁBORSKÝ Lukáš;230;23;Advanced;49;51;0,53;4;0,50;29;27;2
832;TŮMA Marek;232;23;Eliminated;86;86;0,89;1;0,13;20;38;-18
833;VACHOVEC Matěj;234;23;Advanced;18;13;0,13;6;0,75;35;22;13
834;VALKOVIČ Martin;236;23;Advanced;78;78;0,80;2;0,25;23;37;-14
835;VÁVRA Miroslav;245;23;Eliminated;84;84;0,87;1;0,13;22;38;-16
836;VÁVRA Vojtěch;246;23;Advanced;30;38;0,39;5;0,63;34;24;10
837;WALLER Adam;250;23;Advanced;54;32;0,33;4;0,50;32;33;-1
838;WALLER Jonáš;251;23;Advanced;35;29;0,30;5;0,63;29;27;2
839;ZELENKA Jiří;253;23;Eliminated;95;95;0,98;0;0,00;8;34;-26
840;AIGERMANOVÁ Gabriela;259;1;Eliminated;26;26;0,87;2;0,40;16;23;-7
841;BIELESZOVÁ Veronika;263;1;Advanced;2;5;0,17;4;0,80;20;14;6
842;COUFALOVÁ Anna;270;1;Advanced;3;3;0,10;4;0,80;20;15;5
843;ČAPKOVÁ Barbora;271;1;Advanced;13;13;0,43;3;0,60;20;19;1
844;ČERVENKOVÁ Kateřina;274;1;Advanced;8;6;0,20;3;0,60;21;17;4
845;DE VINCENZO Francesca;275;1;Advanced;24;24;0,80;2;0,40;15;20;-5
846;DOŠKOVÁ Kateřina;279;1;Advanced;10;7;0,23;3;0,60;22;19;3
847;DOUBOVÁ Dominika;278;1;Advanced;5;10;0,33;3;0,60;23;18;5
848;HABRYCHOVÁ Eva;286;1;Eliminated;29;29;0,97;0;0,00;16;25;-9
849;HAVLÍNOVÁ Tereza;291;1;Advanced;14;18;0,60;3;0,60;20;20;0
850;CHALUPNÍKOVÁ Aranka;268;1;Advanced;21;22;0,73;2;0,40;18;20;-2
851;JANKOVÁ Karolína;297;1;Advanced;4;2;0,07;4;0,80;23;20;3
852;JASNÁ Adéla;299;1;Advanced;10;17;0,57;3;0,60;22;19;3
853;JASNÁ Tereza;300;1;Advanced;6;11;0,37;3;0,60;20;15;5
854;KŘESINOVÁ Zlata;316;1;Eliminated;30;30;1,00;0;0,00;10;25;-15
855;NEVOSADOVÁ Eliška;333;1;Advanced;22;23;0,77;2;0,40;18;21;-3
856;PĚCHOVOVÁ Michala;346;1;Advanced;7;1;0,03;3;0,60;22;18;4
857;POTOČKOVÁ Kateřina;342;1;Advanced;9;12;0,40;3;0,60;20;16;4
858;PROKŠÍKOVÁ Patricie;344;1;Advanced;23;16;0,53;2;0,40;18;22;-4
859;ROUBÍČKOVÁ Anna;351;1;Eliminated;27;27;0,90;1;0,20;18;24;-6
860;SALIGEROVÁ Kateřina;355;1;Advanced;1;9;0,30;5;1,00;25;8;17
861;SEHNALOVÁ Markéta;358;1;Advanced;20;21;0,70;2;0,40;19;21;-2
862;SMUTNÁ Tereza;362;1;Advanced;17;3;0,10;3;0,60;19;20;-1
863;POKORNÁ (ŠÁMALOVÁ) Anna;340;1;Advanced;15;14;0,47;3;0,60;20;21;-1
864;SVOBODA (ŠEDIVÁ) Michaela;364;1;Advanced;19;15;0,50;2;0,40;18;17;1
865;ŠPATENKOVÁ Anna;369;1;Advanced;12;8;0,27;3;0,60;21;19;2
866;TOTUŠKOVÁ Pavla;374;1;Eliminated;28;28;0,93;0;0,00;17;25;-8
867;KORYCH (VACÍNOVÁ) Gabriela;308;1;Advanced;24;24;0,80;2;0,40;15;20;-5
868;VINCENCOVÁ Ester;383;1;Advanced;18;20;0,67;2;0,40;21;15;6
869;VOLÁKOVÁ Hana;385;1;Advanced;15;19;0,63;3;0,60;20;21;-1
870;AIGERMANOVÁ Gabriela;259;2;Advanced;14;19;0,33;4;0,67;27;16;11
871;BALLESTER Scarly;260;2;Advanced;27;34;0,60;4;0,67;22;22;0
872;BERTLOVÁ Barbora;262;2;Advanced;39;40;0,70;2;0,33;20;27;-7
873;BIELESZOVÁ Veronika;263;2;Advanced;2;17;0,30;6;1,00;30;12;18
874;BOROVIČKOVÁ Hana;264;2;Advanced;41;41;0,72;2;0,29;18;29;-11
875;BURSOVÁ Regina;266;2;Advanced;23;16;0,28;4;0,67;24;20;4
876;COUFALOVÁ Anna;270;2;Advanced;19;11;0,19;4;0,67;26;19;7
877;ČERVENKOVÁ Kateřina;274;2;Advanced;8;14;0,25;6;0,86;34;20;14
878;DE VINCENZO Francesca;275;2;Advanced;38;24;0,42;2;0,33;18;22;-4
879;DIVIŠOVÁ Klára;276;2;Advanced;43;43;0,75;1;0,17;18;26;-8
880;DOUBOVÁ Dominika;278;2;Advanced;22;3;0,05;4;0,67;25;20;5
881;FRAŇKOVÁ Magdalena;281;2;Advanced;52;52;0,91;0;0,00;11;30;-19
882;FRDLÍKOVÁ Markéta;282;2;Advanced;44;44;0,77;1;0,17;20;29;-9
883;GROLLMISCH Felicitas;284;2;Advanced;16;15;0,26;4;0,67;25;15;10
884;HABRYCHOVÁ Eva;286;2;Advanced;26;31;0,54;4;0,67;23;20;3
885;HÁJEČKOVÁ Tereza;296;2;Advanced;57;57;1,00;0;0,00;4;30;-26
886;HANESZ Katarina;288;2;Advanced;32;37;0,65;3;0,50;21;19;2
887;HARTMANOVÁ Barbora;290;2;Advanced;33;32;0,56;3;0,50;20;19;1
888;HAVLÍNOVÁ Tereza;291;2;Advanced;10;10;0,18;5;0,83;28;15;13
889;CHALUPNÍKOVÁ Aranka;268;2;Advanced;18;28;0,49;4;0,67;27;19;8
890;JANKOVÁ Karolína;297;2;Advanced;2;5;0,09;6;1,00;30;12;18
891;JASKULLA Klara;298;2;Advanced;40;12;0,21;2;0,33;20;28;-8
892;JASNÁ Adéla;299;2;Advanced;11;25;0,44;5;0,83;26;18;8
893;JASNÁ Tereza;300;2;Advanced;21;8;0,14;4;0,67;26;20;6
894;JELÍNKOVÁ Martina;301;2;Advanced;51;51;0,89;1;0,14;15;33;-18
895;KOŘÍNKOVÁ Magdaléna;309;2;Advanced;13;27;0,47;5;0,71;29;22;7
896;KOŘÍNKOVÁ Miroslava;310;2;Advanced;50;50;0,88;1;0,17;10;28;-18
897;KRAUSE Rebekka;311;2;Advanced;12;26;0,46;5;0,71;33;24;9
898;KŘEČKOVÁ Kamila;317;2;Advanced;48;48;0,84;1;0,17;14;29;-15
899;KŘENKOVÁ Karolína;315;2;Advanced;31;36;0,63;3;0,50;23;21;2
900;LIPOVÁ Aneta;323;2;Advanced;49;49;0,86;1;0,17;12;29;-17
901;MAYA Danierys;327;2;Advanced;6;3;0,05;6;1,00;29;17;12
902;MĚSÍČKOVÁ Barbora;332;2;Advanced;47;47;0,82;1;0,17;13;27;-14
903;MIROVSKÁ Eliška;329;2;Advanced;54;54;0,95;0;0,00;10;29;-19
904;NEVOSADOVÁ Eliška;333;2;Advanced;36;38;0,67;2;0,33;24;23;1
905;NOVÁČKOVÁ Dominika;336;2;Advanced;24;30;0,53;4;0,67;25;22;3
906;NOVÁKOVÁ Petra;335;2;Advanced;37;39;0,68;2;0,33;20;24;-4
907;NOVOTNÁ Veronika;334;2;Advanced;35;23;0,40;3;0,43;26;21;5
908;PĚCHOVOVÁ Michala;346;2;Advanced;17;7;0,12;4;0,67;28;19;9
909;PIOVESAN Patrizia;339;2;Advanced;1;1;0,02;6;1,00;30;11;19
910;POSADA Betyumil;341;2;Advanced;4;18;0,32;6;1,00;29;14;15
911;POKORNÁ (ŠÁMALOVÁ) Anna;340;2;Advanced;7;9;0,16;6;0,86;34;15;19
912;POTOČKOVÁ Kateřina;342;2;Advanced;5;13;0,23;6;1,00;30;16;14
913;PROKŠÍKOVÁ Patricie;344;2;Advanced;15;6;0,11;4;0,67;27;17;10
914;ROŠKOVÁ Sonja;353;2;Advanced;24;33;0,58;4;0,67;25;22;3
915;SALIGEROVÁ Kateřina;355;2;Advanced;9;2;0,04;5;0,83;28;13;15
916;SEHNALOVÁ Markéta;358;2;Advanced;29;21;0,37;3;0,50;24;20;4
917;SELICHAROVÁ Gabriela;359;2;Advanced;45;45;0,79;1;0,17;15;25;-10
918;SKOČILASOVÁ Kristýna;360;2;Advanced;56;56;0,98;0;0,00;10;35;-25
919;SVOBODA (ŠEDIVÁ) Michaela;364;2;Advanced;34;22;0,39;3;0,50;24;24;0
920;SYROVÁTKOVÁ Iva;365;2;Advanced;55;55;0,96;0;0,00;7;30;-23
921;ŠEBESTOVÁ Nela;367;2;Advanced;46;46;0,81;1;0,17;17;29;-12
922;TOMANOVÁ Kateřina;373;2;Advanced;28;20;0,35;3;0,50;27;21;6
923;VINCENCOVÁ Ester;383;2;Advanced;19;29;0,51;4;0,67;26;19;7
924;VOGEL Leona_Emilia;384;2;Advanced;30;35;0,61;3;0,50;25;22;3
925;VRŠNÍKOVÁ Karolína;387;2;Advanced;52;52;0,91;0;0,00;11;30;-19
926;WEISOVÁ Kateřina;392;2;Advanced;42;42;0,74;1;0,17;23;28;-5
927;AIGERMANOVÁ Gabriela;259;3;Advanced;14;18;0,43;4;0,67;24;20;4
928;BIELESZOVÁ Veronika;263;3;Advanced;8;3;0,07;5;0,83;27;17;10
929;BOROVIČKOVÁ Hana;264;3;Advanced;40;40;0,95;0;0,00;11;30;-19
930;COUFALOVÁ Anna;270;3;Advanced;7;11;0,26;5;0,83;27;16;11
931;ČERVENKOVÁ Kateřina;274;3;Advanced;5;9;0,21;5;0,83;29;11;18
932;DIVIŠOVÁ Klára;276;3;Advanced;26;27;0,64;2;0,33;18;22;-4
933;DOUBOVÁ Dominika;278;3;Advanced;2;3;0,07;6;1,00;30;13;17
934;HABRYCHOVÁ Eva;286;3;Advanced;19;15;0,36;3;0,50;26;20;6
935;HONOMICHLOVÁ Martina;293;3;Advanced;18;26;0,62;4;0,67;24;25;-1
936;HUNČÁROVÁ Katarína;295;3;Advanced;17;20;0,48;4;0,67;21;20;1
937;CHEVALLIER Vira;269;3;Advanced;42;42;1,00;0;0,00;8;30;-22
938;JANKOVÁ Karolína;297;3;Advanced;4;17;0,40;6;1,00;30;18;12
939;JASNÁ Adéla;299;3;Advanced;21;21;0,50;3;0,50;21;19;2
940;JASNÁ Tereza;300;3;Advanced;9;12;0,29;5;0,83;27;18;9
941;JELÍNKOVÁ Martina;301;3;Advanced;39;39;0,93;0;0,00;15;30;-15
942;JÍLKOVÁ Nikola;303;3;Advanced;24;23;0,55;2;0,33;24;24;0
943;KOŘÍNKOVÁ Magdaléna;309;3;Advanced;31;16;0,38;2;0,33;19;28;-9
944;KOŘÍNKOVÁ Miroslava;310;3;Advanced;33;35;0,83;2;0,33;17;28;-11
945;KŘEČKOVÁ Kamila;317;3;Advanced;40;40;0,95;0;0,00;11;30;-19
946;KŘENKOVÁ Karolína;315;3;Advanced;15;14;0,33;4;0,67;23;19;4
947;LAŠTOVKOVÁ Marcela;320;3;Advanced;29;29;0,69;2;0,33;19;24;-5
948;LIPOVÁ Aneta;323;3;Advanced;32;34;0,81;2;0,33;18;28;-10
949;MĚSÍČKOVÁ Barbora;332;3;Advanced;33;31;0,74;2;0,33;17;28;-11
950;NÁDVORNÍKOVÁ Barbora;337;3;Advanced;28;33;0,79;2;0,33;20;25;-5
951;NEVOSADOVÁ Eliška;333;3;Advanced;20;7;0,17;3;0,50;24;19;5
952;NOVÁKOVÁ Petra;335;3;Advanced;36;37;0,88;1;0,17;23;28;-5
953;PĚCHOVOVÁ Michala;346;3;Advanced;2;2;0,05;6;1,00;30;13;17
954;POTOČKOVÁ Kateřina;342;3;Advanced;22;8;0,19;2;0,33;22;21;1
955;PROKŠÍKOVÁ Patricie;344;3;Advanced;25;24;0,57;2;0,33;21;24;-3
956;PRŮŠOVÁ Kristýna;345;3;Advanced;23;22;0,52;2;0,33;26;26;0
957;ROUBÍČKOVÁ Anna;351;3;Advanced;12;13;0,31;4;0,67;27;19;8
958;SALIGEROVÁ Kateřina;355;3;Advanced;1;1;0,02;6;1,00;30;11;19
959;SELICHAROVÁ Gabriela;359;3;Advanced;30;30;0,71;2;0,33;19;25;-6
960;SYROVÁTKOVÁ Iva;365;3;Advanced;35;36;0,86;2;0,33;15;28;-13
961;POKORNÁ (ŠÁMALOVÁ) Anna;340;3;Advanced;11;5;0,12;4;0,67;26;17;9
962;SVOBODA (ŠEDIVÁ) Michaela;364;3;Advanced;27;28;0,67;2;0,33;21;26;-5
963;ŠPATENKOVÁ Anna;369;3;Advanced;13;6;0,14;4;0,67;24;16;8
964;TŮMOVÁ Šárka;379;3;Advanced;38;38;0,90;1;0,17;13;29;-16
965;KORYCH (VACÍNOVÁ) Gabriela;308;3;Advanced;16;19;0,45;4;0,67;24;22;2
966;VINCENCOVÁ Ester;383;3;Advanced;9;25;0,60;5;0,83;27;18;9
967;VOLÁKOVÁ Hana;385;3;Advanced;6;10;0,24;5;0,83;29;16;13
968;WEISOVÁ Kateřina;392;3;Advanced;37;32;0,76;1;0,17;21;27;-6
969;AIGERMANOVÁ Gabriela;259;4;Advanced;30;23;0,50;2;0,33;24;24;0
970;BIELESZOVÁ Veronika;263;4;Advanced;3;1;0,02;5;1,00;25;11;14
971;CEJNAROVÁ Barbora;267;4;Advanced;41;42;0,91;1;0,17;14;27;-13
972;COUFALOVÁ Anna;270;4;Advanced;14;10;0,22;4;0,67;28;21;7
973;ČERNÍKOVÁ Lucie;273;4;Advanced;32;36;0,78;2;0,33;18;23;-5
974;ČERVENKOVÁ Kateřina;274;4;Advanced;4;3;0,07;5;1,00;24;14;10
975;DE VINCENZO Francesca;275;4;Advanced;25;21;0,46;2;0,40;21;20;1
976;DIVIŠOVÁ Klára;276;4;Advanced;23;20;0,43;3;0,50;27;23;4
977;DLOUHÁ Tereza;277;4;Advanced;42;43;0,93;1;0,17;13;28;-15
978;FRDLÍKOVÁ Markéta;282;4;Advanced;35;37;0,80;1;0,20;14;20;-6
979;HABRYCHOVÁ Eva;286;4;Advanced;12;25;0,54;4;0,67;28;17;11
980;HARTMANOVÁ Barbora;290;4;Advanced;26;29;0,63;2;0,40;18;17;1
981;CHEVALLIER Vira;269;4;Advanced;45;45;0,98;0;0,00;10;28;-18
982;JANKOVÁ Karolína;297;4;Advanced;8;13;0,28;5;0,83;27;19;8
983;JASNÁ Adéla;299;4;Advanced;20;3;0,07;3;0,60;21;16;5
984;JASNÁ Tereza;300;4;Advanced;1;5;0,11;6;1,00;30;12;18
985;JELÍNKOVÁ Martina;301;4;Advanced;38;39;0,85;1;0,20;8;22;-14
986;JÍLKOVÁ Nikola;303;4;Advanced;43;12;0,26;0;0,00;18;30;-12
987;KOŘÍNKOVÁ Magdaléna;309;4;Advanced;22;33;0,72;3;0,60;20;18;2
988;KOŘÍNKOVÁ Miroslava;310;4;Advanced;39;40;0,87;1;0,17;15;27;-12
989;KRAUSE Rebekka;311;4;Advanced;33;24;0,52;2;0,33;22;28;-6
990;KŘEČKOVÁ Kamila;317;4;Advanced;40;41;0,89;1;0,17;16;29;-13
991;KŘENKOVÁ Karolína;315;4;Advanced;20;11;0,24;3;0,60;21;16;5
992;LAŠTOVKOVÁ Marcela;320;4;Advanced;36;32;0,70;1;0,20;15;22;-7
993;LIPOVÁ Aneta;323;4;Advanced;44;44;0,96;0;0,00;11;25;-14
994;MĚSÍČKOVÁ Barbora;332;4;Advanced;17;26;0,57;4;0,67;26;21;5
995;MIROVSKÁ Eliška;329;4;Advanced;24;28;0,61;3;0,50;21;27;-6
996;NEVOSADOVÁ Eliška;333;4;Advanced;5;6;0,13;5;0,83;27;13;14
997;NOVÁKOVÁ Petra;335;4;Advanced;19;27;0,59;4;0,67;24;21;3
998;NOVOTNÁ Veronika;334;4;Advanced;18;16;0,35;4;0,67;23;18;5
999;POTOČKOVÁ Kateřina;342;4;Advanced;12;15;0,33;4;0,67;28;17;11
1000;PROKŠÍKOVÁ Patricie;344;4;Advanced;6;7;0,15;5;0,83;29;18;11
1001;ROUBÍČKOVÁ Anna;351;4;Advanced;7;17;0,37;5;0,83;28;20;8
1002;ŘÍHOVÁ Marcela;354;4;Advanced;16;19;0,41;4;0,67;27;22;5
1003;SALIGEROVÁ Kateřina;355;4;Advanced;2;2;0,04;6;1,00;30;13;17
1004;SYROVÁTKOVÁ Iva;365;4;Advanced;29;34;0,74;2;0,40;13;23;-10
1005;POKORNÁ (ŠÁMALOVÁ) Anna;340;4;Advanced;11;14;0,30;4;0,80;20;17;3
1006;SVOBODA (ŠEDIVÁ) Michaela;364;4;Advanced;10;9;0,20;4;0,80;24;14;10
1007;ŠPATENKOVÁ Anna;369;4;Advanced;9;8;0,17;4;0,80;24;13;11
1008;TOMANOVÁ Kateřina;373;4;Advanced;27;30;0,65;2;0,40;18;19;-1
1009;TYRPEKLOVÁ Amélie;377;4;Advanced;31;35;0,76;2;0,33;19;23;-4
1010;VINCENCOVÁ Ester;383;4;Advanced;28;22;0,48;2;0,40;20;22;-2
1011;VOLÁKOVÁ Hana;385;4;Advanced;15;18;0,39;4;0,67;25;19;6
1012;VRATIŠOVSKÁ Zlata;386;4;Advanced;46;46;1,00;0;0,00;10;30;-20
1013;VRŠNÍKOVÁ Karolína;387;4;Advanced;37;38;0,83;1;0,20;16;24;-8
1014;WEISOVÁ Kateřina;392;4;Advanced;34;31;0,67;2;0,33;17;26;-9
1015;AIGERMANOVÁ Gabriela;259;6;Advanced;6;9;0,26;5;0,83;28;18;10
1016;COUFALOVÁ Anna;270;6;Advanced;2;3;0,09;5;1,00;25;9;16
1017;ČAPKOVÁ Barbora;271;6;Advanced;7;14;0,41;5;0,83;28;20;8
1018;ČERVENKOVÁ Kateřina;274;6;Advanced;12;6;0,18;4;0,67;25;21;4
1019;DOUBOVÁ Dominika;278;6;Advanced;4;5;0,15;5;0,83;28;10;18
1020;FRDLÍKOVÁ Markéta;282;6;Advanced;30;31;0,91;1;0,17;15;29;-14
1021;CHEVALLIER Vira;269;6;Advanced;27;28;0,82;1;0,20;11;22;-11
1022;JASNÁ Adéla;299;6;Advanced;19;11;0,32;3;0,50;25;23;2
1023;JASNÁ Tereza;300;6;Advanced;9;3;0,09;4;0,67;28;16;12
1024;JELÍNKOVÁ Martina;301;6;Advanced;34;34;1,00;0;0,00;5;30;-25
1025;KOŘÍNKOVÁ Magdaléna;309;6;Advanced;21;21;0,62;3;0,50;26;25;1
1026;KŘEČKOVÁ Kamila;317;6;Advanced;23;26;0,76;2;0,33;18;24;-6
1027;LINDEROVÁ Nina;322;6;Advanced;10;17;0,50;4;0,67;28;18;10
1028;MĚSÍČKOVÁ Barbora;332;6;Advanced;28;29;0,85;1;0,17;17;29;-12
1029;NEVOSADOVÁ Eliška;333;6;Advanced;5;13;0,38;5;0,83;29;17;12
1030;NOVÁKOVÁ Petra;335;6;Advanced;11;18;0,53;4;0,67;26;22;4
1031;PĚCHOVOVÁ Michala;346;6;Advanced;1;1;0,03;6;1,00;30;14;16
1032;POTOČKOVÁ Kateřina;342;6;Advanced;19;8;0,24;3;0,50;25;23;2
1033;PROKŠÍKOVÁ Patricie;344;6;Advanced;18;7;0,21;3;0,50;24;21;3
1034;ROŠKOVÁ Sonja;353;6;Advanced;31;24;0,71;1;0,17;14;28;-14
1035;ROUBÍČKOVÁ Anna;351;6;Advanced;15;25;0,74;3;0,60;21;18;3
1036;ŘÍHOVÁ Marcela;354;6;Advanced;12;19;0,56;4;0,67;25;21;4
1037;SALIGEROVÁ Kateřina;355;6;Advanced;3;2;0,06;6;1,00;30;17;13
1038;SASVARIOVÁ Laura;357;6;Advanced;14;16;0,47;4;0,67;22;22;0
1039;SYROVÁTKOVÁ Iva;365;6;Advanced;33;33;0,97;0;0,00;13;30;-17
1040;SVOBODA (ŠEDIVÁ) Michaela;364;6;Advanced;22;22;0,65;2;0,33;24;21;3
1041;ŠPATENKOVÁ Anna;369;6;Advanced;8;15;0,44;4;0,80;24;14;10
1042;TAKAKURA Makoto;370;6;Advanced;32;32;0,94;0;0,00;14;30;-16
1043;VACKOVÁ Tereza;381;6;Advanced;29;30;0,88;1;0,17;15;27;-12
1044;VINCENCOVÁ Ester;383;6;Advanced;26;12;0,35;1;0,20;14;24;-10
1045;VOLÁKOVÁ Hana;385;6;Advanced;16;10;0,29;3;0,50;26;23;3
1046;VRŠNÍKOVÁ Karolína;387;6;Advanced;24;27;0,79;2;0,33;15;27;-12
1047;ŽÁDNÍKOVÁ Daniela;396;6;Advanced;17;20;0,59;3;0,50;25;22;3
1048;ŽOLNOVÁ Karolína;397;6;Advanced;25;23;0,68;1;0,20;13;21;-8
1049;AIGERMANOVÁ Gabriela;259;7;Advanced;22;3;0,09;3;0,50;20;24;-4
1050;BIELESZOVÁ Veronika;263;7;Advanced;5;3;0,09;5;0,83;29;22;7
1051;COUFALOVÁ Anna;270;7;Advanced;7;7;0,20;4;0,67;26;16;10
1052;ČAPKOVÁ Barbora;271;7;Advanced;14;11;0,31;3;0,50;24;18;6
1053;ČERVENKOVÁ Kateřina;274;7;Advanced;4;6;0,17;5;0,83;27;15;12
1054;DE VINCENZO Francesca;275;7;Advanced;28;28;0,80;2;0,33;19;25;-6
1055;DIVIŠOVÁ Klára;276;7;Advanced;28;28;0,80;2;0,33;19;25;-6
1056;DOUBOVÁ Dominika;278;7;Advanced;3;5;0,14;6;1,00;29;18;11
1057;FRDLÍKOVÁ Markéta;282;7;Eliminated;33;33;0,94;0;0,00;17;30;-13
1058;HARTMANOVÁ Barbora;290;7;Eliminated;32;32;0,91;1;0,17;16;26;-10
1059;HAVLÍNOVÁ Tereza;291;7;Advanced;11;20;0,57;4;0,67;25;22;3
1060;CHALUPNÍKOVÁ Aranka;268;7;Advanced;17;13;0,37;3;0,50;25;25;0
1061;JANKOVÁ Karolína;297;7;Advanced;6;9;0,26;5;0,83;29;23;6
1062;JASNÁ Adéla;299;7;Advanced;20;14;0,40;3;0,50;23;24;-1
1063;JASNÁ Tereza;300;7;Eliminated;31;31;0,89;1;0,17;22;28;-6
1064;KOŘÍNKOVÁ Magdaléna;309;7;Advanced;18;23;0,66;3;0,50;23;23;0
1065;KŘEČKOVÁ Kamila;317;7;Eliminated;35;35;1,00;0;0,00;7;30;-23
1066;KŘENKOVÁ Karolína;315;7;Advanced;23;15;0,43;2;0,33;25;22;3
1067;NOVÁKOVÁ Petra;335;7;Advanced;26;26;0,74;2;0,33;24;28;-4
1068;NOVOTNÁ Veronika;334;7;Advanced;10;19;0,54;4;0,67;26;22;4
1069;PĚCHOVOVÁ Michala;346;7;Advanced;2;1;0,03;6;1,00;30;19;11
1070;POTOČKOVÁ Kateřina;342;7;Advanced;16;22;0,63;3;0,50;24;23;1
1071;PROKŠÍKOVÁ Patricie;344;7;Advanced;21;25;0,71;3;0,50;23;26;-3
1072;PŘIBYLOVÁ Eliška;347;7;Advanced;8;17;0,49;4;0,67;27;20;7
1073;ROUBÍČKOVÁ Anna;351;7;Eliminated;30;30;0,86;1;0,17;23;28;-5
1074;ŘÍHOVÁ Marcela;354;7;Advanced;25;16;0,46;2;0,33;23;25;-2
1075;SALIGEROVÁ Kateřina;355;7;Advanced;1;2;0,06;6;1,00;30;16;14
1076;SEHNALOVÁ Markéta;358;7;Advanced;11;10;0,29;4;0,67;25;22;3
1077;POKORNÁ (ŠÁMALOVÁ) Anna;340;7;Advanced;9;18;0,51;4;0,67;28;23;5
1078;SVOBODA (ŠEDIVÁ) Michaela;364;7;Advanced;13;21;0,60;4;0,67;25;25;0
1079;ŠPATENKOVÁ Anna;369;7;Advanced;15;12;0,34;3;0,50;25;21;4
1080;TROJANOVÁ Kristýna;375;7;Advanced;24;8;0,23;2;0,33;25;26;-1
1081;VINCENCOVÁ Ester;383;7;Advanced;26;26;0,74;2;0,33;24;28;-4
1082;VOLÁKOVÁ Hana;385;7;Advanced;18;23;0,66;3;0,50;23;23;0
1083;WEISOVÁ Kateřina;392;7;Eliminated;34;34;0,97;0;0,00;10;29;-19
1084;AIGERMANOVÁ Gabriela;259;8;Advanced;5;6;0,17;4;0,80;24;13;11
1085;BIELESZOVÁ Veronika;263;8;Advanced;7;3;0,08;4;0,80;23;14;9
1086;COUFALOVÁ Anna;270;8;Advanced;11;7;0,19;3;0,60;21;15;6
1087;ČAPKOVÁ Barbora;271;8;Advanced;16;18;0,50;3;0,60;19;19;0
1088;DIVIŠOVÁ Klára;276;8;Eliminated;29;29;0,81;1;0,20;14;23;-9
1089;DOŠKOVÁ Kateřina;279;8;Advanced;2;1;0,03;5;1,00;25;9;16
1090;DOUBOVÁ Dominika;278;8;Advanced;4;2;0,06;5;1,00;25;14;11
1091;FRDLÍKOVÁ Markéta;282;8;Eliminated;34;34;0,94;0;0,00;10;25;-15
1092;HAVLÍNOVÁ Tereza;291;8;Advanced;25;25;0,69;2;0,40;18;23;-5
1093;CHALUPNÍKOVÁ Aranka;268;8;Advanced;15;8;0,22;3;0,60;21;20;1
1094;CHEVALLIER Vira;269;8;Eliminated;33;33;0,92;0;0,00;12;25;-13
1095;JANKOVÁ Karolína;297;8;Eliminated;29;29;0,81;1;0,20;14;23;-9
1096;JASNÁ Adéla;299;8;Advanced;8;11;0,31;4;0,80;23;15;8
1097;JASNÁ Tereza;300;8;Advanced;2;9;0,25;5;1,00;25;9;16
1098;KOŘÍNKOVÁ Magdaléna;309;8;Advanced;17;15;0,42;3;0,60;20;21;-1
1099;KOŘÍNKOVÁ Miroslava;310;8;Eliminated;31;31;0,86;1;0,20;12;24;-12
1100;KŘENKOVÁ Karolína;315;8;Advanced;13;13;0,36;3;0,60;20;16;4
1101;KVETOVSKÁ Veronika;313;8;Eliminated;31;31;0,86;1;0,20;12;24;-12
1102;MIROVSKÁ Eliška;329;8;Advanced;18;19;0,53;3;0,60;18;19;-1
1103;NOVÁKOVÁ Petra;335;8;Advanced;26;26;0,72;2;0,40;17;22;-5
1104;PĚCHOVOVÁ Michala;346;8;Advanced;1;5;0,14;5;1,00;25;5;20
1105;POTOČKOVÁ Kateřina;342;8;Advanced;6;10;0,28;4;0,80;23;13;10
1106;PROKŠÍKOVÁ Patricie;344;8;Advanced;10;12;0,33;3;0,60;22;16;6
1107;ŘÍHOVÁ Marcela;354;8;Advanced;27;27;0,75;2;0,40;15;23;-8
1108;SALIGEROVÁ Kateřina;355;8;Advanced;9;3;0,08;4;0,80;23;17;6
1109;SELICHAROVÁ Gabriela;359;8;Advanced;20;21;0,58;2;0,40;20;19;1
1110;POKORNÁ (ŠÁMALOVÁ) Anna;340;8;Advanced;23;23;0,64;2;0,40;17;20;-3
1111;SVOBODA (ŠEDIVÁ) Michaela;364;8;Advanced;24;24;0,67;2;0,40;17;21;-4
1112;ŠPATENKOVÁ Anna;369;8;Advanced;28;28;0,78;1;0,20;18;24;-6
1113;TOMANOVÁ Kateřina;373;8;Advanced;22;22;0,61;2;0,40;18;19;-1
1114;TROJANOVÁ Kristýna;375;8;Advanced;19;20;0,56;2;0,40;21;19;2
1115;VINCENCOVÁ Ester;383;8;Advanced;12;17;0,47;3;0,60;21;16;5
1116;VOLÁKOVÁ Hana;385;8;Advanced;14;14;0,39;3;0,60;17;14;3
1117;WEISOVÁ Kateřina;392;8;Eliminated;34;34;0,94;0;0,00;10;25;-15
1118;ŽÁDNÍKOVÁ Daniela;396;8;Advanced;21;16;0,44;2;0,40;20;20;0
1119;ŽOLNOVÁ Karolína;397;8;Eliminated;36;36;1,00;0;0,00;9;25;-16
1120;ADAMCOVÁ Anita;258;12;Advanced;14;33;0,60;5;0,71;31;23;8
1121;AIGERMANOVÁ Gabriela;259;12;Advanced;2;5;0,09;7;1,00;35;13;22
1122;CEJNAROVÁ Barbora;267;12;Advanced;43;23;0,42;2;0,29;19;30;-11
1123;COUFALOVÁ Anna;270;12;Advanced;5;7;0,13;6;1,00;30;14;16
1124;ČAPKOVÁ Barbora;271;12;Advanced;17;18;0,33;4;0,67;23;18;5
1125;ČÁPOVÁ Barbora;272;12;Advanced;38;41;0,75;2;0,29;23;28;-5
1126;DIVIŠOVÁ Klára;276;12;Advanced;16;17;0,31;5;0,71;30;26;4
1127;DOŠKOVÁ Kateřina;279;12;Advanced;3;3;0,05;7;1,00;35;15;20
1128;DOUBOVÁ Dominika;278;12;Advanced;1;3;0,05;7;1,00;35;11;24
1129;FRDLÍKOVÁ Markéta;282;12;Advanced;23;21;0,38;4;0,57;29;28;1
1130;GRÜNEROVÁ Michaela;285;12;Advanced;34;37;0,67;3;0,43;25;30;-5
1131;HARTMANOVÁ Barbora;290;12;Advanced;21;20;0,36;4;0,57;28;23;5
1132;HAVLÍNOVÁ Tereza;291;12;Advanced;20;19;0,35;4;0,57;29;24;5
1133;HLAVÁČKOVÁ Lucie;292;12;Advanced;45;46;0,84;1;0,17;17;29;-12
1134;HONOVÁ Markéta;294;12;Advanced;36;39;0,71;2;0,33;20;28;-8
1135;CHALUPNÍKOVÁ Aranka;268;12;Advanced;24;12;0,22;4;0,57;28;28;0
1136;CHEVALLIER Vira;269;12;Advanced;41;43;0,78;2;0,29;21;30;-9
1137;JANKOVÁ Karolína;297;12;Advanced;29;22;0,40;3;0,43;27;25;2
1138;JASNÁ Adéla;299;12;Advanced;15;9;0,16;5;0,71;30;22;8
1139;JASNÁ Tereza;300;12;Advanced;19;11;0,20;4;0,57;29;22;7
1140;KINCLOVÁ Emma;305;12;Advanced;55;55;1,00;0;0,00;7;35;-28
1141;KOCOURKOVÁ Marie;306;12;Advanced;54;54;0,98;0;0,00;13;35;-22
1142;KOŘÍNKOVÁ Magdaléna;309;12;Advanced;32;36;0,65;3;0,43;27;30;-3
1143;KŘENKOVÁ Karolína;315;12;Advanced;13;25;0,45;5;0,71;29;16;13
1144;LINDEROVÁ Nina;322;12;Advanced;47;48;0,87;1;0,14;21;33;-12
1145;MARČÍK Sára;325;12;Advanced;33;31;0,56;3;0,43;24;27;-3
1146;MATĚJČKOVÁ Lucie;326;12;Advanced;46;47;0,85;1;0,14;24;34;-10
1147;MIROVSKÁ Eliška;329;12;Advanced;44;45;0,82;1;0,17;19;27;-8
1148;NĚMCOVÁ Pavla;338;12;Advanced;52;52;0,95;1;0,14;10;32;-22
1149;NOVÁKOVÁ Petra;335;12;Advanced;30;29;0,53;3;0,43;28;29;-1
1150;NOVOTNÁ Veronika;334;12;Advanced;3;6;0,11;7;1,00;35;15;20
1151;PĚCHOVOVÁ Michala;346;12;Advanced;7;1;0,02;6;0,86;34;11;23
1152;POKORNÁ (ŠÁMALOVÁ) Anna;340;12;Advanced;10;15;0,27;6;0,86;31;20;11
1153;POTOČKOVÁ Kateřina;342;12;Advanced;8;13;0,24;6;0,86;34;16;18
1154;PROKŠÍKOVÁ Patricie;344;12;Advanced;12;8;0,15;5;0,83;28;14;14
1155;ŘÍHOVÁ Marcela;354;12;Advanced;24;26;0,47;4;0,57;28;28;0
1156;SALIGEROVÁ Kateřina;355;12;Advanced;6;2;0,04;7;1,00;35;20;15
1157;SLUŠNÁ Karolína;361;12;Advanced;48;49;0,89;1;0,14;20;33;-13
1158;ŠAFRÁNKOVÁ Adéla;366;12;Advanced;22;34;0,62;4;0,57;27;25;2
1159;SVOBODA (ŠEDIVÁ) Michaela;364;12;Advanced;11;16;0,29;6;0,86;31;26;5
1160;ŠPATENKOVÁ Anna;369;12;Advanced;9;14;0,25;6;0,86;33;18;15
1161;TITĚROVÁ Michaela;371;12;Advanced;50;51;0,93;1;0,14;18;34;-16
1162;TŮMOVÁ Šárka;379;12;Advanced;48;49;0,89;1;0,14;20;33;-13
1163;TYRPEKLOVÁ Amélie;377;12;Advanced;31;30;0,55;3;0,43;27;29;-2
1164;URBÁNKOVÁ Klára;380;12;Advanced;40;42;0,76;2;0,29;24;30;-6
1165;VACKOVÁ Tereza;381;12;Advanced;53;53;0,96;0;0,00;16;35;-19
1166;VÁCHOVÁ Tereza;390;12;Advanced;35;38;0,69;2;0,33;17;24;-7
1167;VÁŇOVÁ Kateřina;391;12;Advanced;41;43;0,78;2;0,29;21;30;-9
1168;VINCENCOVÁ Ester;383;12;Advanced;37;40;0,73;2;0,29;27;29;-2
1169;VYSLOUŽILOVÁ Vanda;389;12;Advanced;26;35;0,64;4;0,57;26;27;-1
1170;WEISOVÁ Kateřina;392;12;Advanced;27;27;0,49;4;0,57;23;24;-1
1171;ZÁVITKOVSKÁ Zuzana;395;12;Advanced;28;28;0,51;4;0,57;25;28;-3
1172;ZIEGLEROVÁ Adéla Anna;394;12;Advanced;51;24;0,44;1;0,14;15;31;-16
1173;ŽÁDNÍKOVÁ Daniela;396;12;Advanced;18;10;0,18;4;0,57;30;20;10
1174;ŽOLNOVÁ Karolína;397;12;Advanced;39;32;0,58;2;0,29;26;32;-6
1175;ADAMCOVÁ Anita;258;11;Advanced;38;38;0,78;2;0,33;21;28;-7
1176;AIGERMANOVÁ Gabriela;259;11;Advanced;6;5;0,10;5;0,83;27;17;10
1177;BIELESZOVÁ Veronika;263;11;Advanced;22;2;0,04;3;0,50;24;21;3
1178;CEJNAROVÁ Barbora;267;11;Advanced;35;35;0,71;2;0,33;21;24;-3
1179;COUFALOVÁ Anna;270;11;Advanced;5;17;0,35;6;1,00;29;16;13
1180;DOŠKOVÁ Kateřina;279;11;Advanced;3;13;0,27;6;1,00;30;14;16
1181;DOUBOVÁ Dominika;278;11;Advanced;2;1;0,02;6;1,00;30;13;17
1182;FRDLÍKOVÁ Markéta;282;11;Advanced;16;26;0,53;4;0,67;24;22;2
1183;HARTMANOVÁ Barbora;290;11;Advanced;27;29;0,59;3;0,50;24;24;0
1184;HAVLÍNOVÁ Tereza;291;11;Advanced;34;32;0,65;2;0,33;24;26;-2
1185;HONOVÁ Markéta;294;11;Eliminated;40;40;0,82;1;0,17;20;27;-7
1186;CHALUPNÍKOVÁ Aranka;268;11;Advanced;11;7;0,14;4;0,67;28;21;7
1187;JANKOVÁ Karolína;297;11;Advanced;7;25;0,51;5;0,83;25;15;10
1188;JASNÁ Adéla;299;11;Advanced;18;21;0,43;3;0,50;27;21;6
1189;JASNÁ Tereza;300;11;Advanced;8;6;0,12;5;0,83;27;19;8
1190;KAHABKOVÁ Eliška;304;11;Advanced;28;30;0,61;3;0,50;21;22;-1
1191;KINCLOVÁ Emma;305;11;Advanced;32;34;0,69;3;0,50;22;25;-3
1192;KOCOURKOVÁ Marie;306;11;Advanced;39;39;0,80;2;0,33;17;26;-9
1193;KOŘÍNKOVÁ Magdaléna;309;11;Eliminated;41;41;0,84;1;0,17;18;28;-10
1194;KOŘÍNKOVÁ Miroslava;310;11;Eliminated;49;49;1,00;0;0,00;10;30;-20
1195;KŘENKOVÁ Karolína;315;11;Advanced;9;18;0,37;5;0,83;26;23;3
1196;KŘÍŽOVÁ Tereza;318;11;Eliminated;46;46;0,94;0;0,00;18;30;-12
1197;MAIELLO Ester;324;11;Eliminated;44;44;0,90;1;0,17;15;29;-14
1198;MARČÍK Sára;325;11;Advanced;19;15;0,31;3;0,50;25;20;5
1199;MATĚJČKOVÁ Lucie;326;11;Eliminated;47;47;0,96;0;0,00;15;30;-15
1200;MIROVSKÁ Eliška;329;11;Advanced;36;36;0,73;2;0,33;22;28;-6
1201;NOVÁKOVÁ Petra;335;11;Advanced;20;27;0,55;3;0,50;26;22;4
1202;NOVOTNÁ Veronika;334;11;Advanced;21;11;0,22;3;0,50;26;23;3
1203;PĚCHOVOVÁ Michala;346;11;Advanced;1;3;0,06;6;1,00;30;8;22
1204;POKORNÁ (ŠÁMALOVÁ) Anna;340;11;Advanced;10;9;0,18;4;0,67;28;20;8
1205;POTOČKOVÁ Kateřina;342;11;Advanced;23;12;0,24;3;0,50;22;19;3
1206;PROKŠÍKOVÁ Patricie;344;11;Advanced;4;3;0,06;6;1,00;30;17;13
1207;RAJNOCH Barbora;348;11;Advanced;15;20;0,41;4;0,67;25;22;3
1208;RAKOUŠOVÁ Karolína;349;11;Advanced;33;24;0,49;3;0,50;20;24;-4
1209;SALIGEROVÁ Kateřina;355;11;Advanced;14;10;0,20;4;0,67;26;23;3
1210;SLUŠNÁ Karolína;361;11;Eliminated;43;43;0,88;1;0,17;16;29;-13
1211;SVOBODA (ŠEDIVÁ) Michaela;364;11;Advanced;31;33;0,67;3;0,50;20;22;-2
1212;ŠMÍDOVÁ Daniela;368;11;Advanced;25;22;0,45;3;0,50;26;24;2
1213;ŠPATENKOVÁ Anna;369;11;Advanced;30;31;0,63;3;0,50;22;24;-2
1214;TOMANOVÁ Kateřina;373;11;Advanced;29;16;0,33;3;0,50;25;27;-2
1215;TROJANOVÁ Kristýna;375;11;Advanced;12;19;0,39;4;0,67;28;23;5
1216;TŮMOVÁ Šárka;379;11;Eliminated;48;48;0,98;0;0,00;12;30;-18
1217;TYRPEKLOVÁ Amélie;377;11;Eliminated;44;44;0,90;1;0,17;15;29;-14
1218;URBÁNKOVÁ Klára;380;11;Eliminated;42;42;0,86;1;0,17;18;29;-11
1219;VÁCHOVÁ Tereza;390;11;Advanced;24;28;0,57;3;0,50;27;25;2
1220;VALENTOVÁ Amálie;382;11;Advanced;25;22;0,45;3;0,50;26;24;2
1221;VINCENCOVÁ Ester;383;11;Advanced;13;14;0,29;4;0,67;26;22;4
1222;VOLÁKOVÁ Hana;385;11;Advanced;17;8;0,16;3;0,50;26;19;7
1223;WEISOVÁ Kateřina;392;11;Advanced;37;37;0,76;2;0,33;18;24;-6
1224;AIGERMANOVÁ Gabriela;259;15;Advanced;23;12;0,33;2;0,40;18;23;-5
1225;BIELESZOVÁ Veronika;263;15;Advanced;6;2;0,06;4;0,80;22;11;11
1226;COUFALOVÁ Anna;270;15;Advanced;7;8;0,22;4;0,80;22;12;10
1227;ČAPKOVÁ Barbora;271;15;Advanced;21;16;0,44;2;0,40;17;18;-1
1228;DOUBOVÁ Dominika;278;15;Advanced;9;1;0,03;4;0,80;22;14;8
1229;FRDLÍKOVÁ Markéta;282;15;Advanced;33;32;0,89;0;0,00;20;25;-5
1230;GAZDOVÁ Beáta;283;15;Advanced;11;25;0,69;4;0,80;22;18;4
1231;HAVLÍNOVÁ Tereza;291;15;Advanced;8;13;0,36;4;0,80;23;14;9
1232;HONOVÁ Markéta;294;15;Advanced;34;35;0,97;0;0,00;16;25;-9
1233;CHALUPNÍKOVÁ Aranka;268;15;Advanced;12;10;0,28;3;0,60;21;15;6
1234;JASNÁ Adéla;299;15;Advanced;15;11;0,31;3;0,60;20;16;4
1235;JASNÁ Tereza;300;15;Advanced;14;18;0,50;3;0,60;22;18;4
1236;JURKOVÁ Hana;302;15;Advanced;20;26;0,72;2;0,40;18;19;-1
1237;KOCOURKOVÁ Marie;306;15;Advanced;32;34;0,94;1;0,20;10;23;-13
1238;KOŘÍNKOVÁ Magdaléna;309;15;Advanced;19;20;0,56;3;0,60;17;18;-1
1239;KOŘÍNKOVÁ Miroslava;310;15;Advanced;27;29;0,81;1;0,20;16;24;-8
1240;MATĚJČKOVÁ Lucie;326;15;Advanced;30;30;0,83;1;0,20;14;23;-9
1241;MIKLENDOVÁ Valérie;328;15;Advanced;26;28;0,78;2;0,40;15;22;-7
1242;NOVÁKOVÁ Petra;335;15;Advanced;13;17;0,47;3;0,60;23;19;4
1243;PĚCHOVOVÁ Michala;346;15;Advanced;3;6;0,17;4;0,80;22;9;13
1244;POTOČKOVÁ Kateřina;342;15;Advanced;10;9;0,25;4;0,80;20;13;7
1245;PROKŠÍKOVÁ Patricie;344;15;Advanced;1;5;0,14;5;1,00;25;13;12
1246;ŘÍHOVÁ Marcela;354;15;Advanced;27;23;0,64;1;0,20;16;24;-8
1247;SALIGEROVÁ Kateřina;355;15;Advanced;2;3;0,08;5;1,00;25;15;10
1248;SVOBODA (ŠEDIVÁ) Michaela;364;15;Advanced;16;14;0,39;3;0,60;21;18;3
1249;ŠMÍDOVÁ Daniela;368;15;Advanced;24;22;0,61;2;0,40;15;20;-5
1250;ŠPATENKOVÁ Anna;369;15;Advanced;4;3;0,08;4;0,80;24;12;12
1251;URBÁNKOVÁ Klára;380;15;Advanced;29;33;0,92;1;0,20;15;24;-9
1252;VACKOVÁ Tereza;381;15;Advanced;25;27;0,75;2;0,40;15;21;-6
1253;VÁCHOVÁ Tereza;390;15;Advanced;22;21;0,58;2;0,40;18;20;-2
1254;VINCENCOVÁ Ester;383;15;Advanced;5;7;0,19;4;0,80;23;12;11
1255;VOLÁKOVÁ Hana;385;15;Advanced;16;14;0,39;3;0,60;21;18;3
1256;VRATIŠOVSKÁ Zlata;386;15;Advanced;35;36;1,00;0;0,00;10;25;-15
1257;WEISOVÁ Kateřina;392;15;Advanced;36;24;0,67;0;0,00;9;25;-16
1258;ZIEGLEROVÁ Adéla Anna;394;15;Advanced;31;31;0,86;1;0,20;12;24;-12
1259;ŽÁDNÍKOVÁ Daniela;396;15;Advanced;18;19;0,53;3;0,60;20;19;1
1260;ADAMCOVÁ Anita;258;16;Advanced;31;29;0,60;3;0,43;22;31;-9
1261;AIGERMANOVÁ Gabriela;259;16;Advanced;18;1;0,02;4;0,57;30;26;4
1262;CEJNAROVÁ Barbora;267;16;Advanced;21;21;0,44;4;0,57;30;28;2
1263;COUFALOVÁ Anna;270;16;Advanced;5;7;0,15;6;0,86;34;16;18
1264;DIVIŠOVÁ Klára;276;16;Advanced;22;25;0,52;4;0,57;24;25;-1
1265;DOUBOVÁ Dominika;278;16;Advanced;7;3;0,06;6;0,86;31;16;15
1266;HANZLÍKOVÁ Klára;289;16;Advanced;33;35;0,73;2;0,29;25;29;-4
1267;HAVLÍNOVÁ Tereza;291;16;Advanced;13;17;0,35;5;0,71;33;27;6
1268;HONOMICHLOVÁ Martina;293;16;Advanced;43;43;0,90;1;0,14;19;34;-15
1269;HONOVÁ Markéta;294;16;Advanced;38;38;0,79;2;0,29;22;32;-10
1270;CHALUPNÍKOVÁ Aranka;268;16;Advanced;4;9;0,19;7;1,00;35;21;14
1271;JASNÁ Adéla;299;16;Advanced;14;12;0,25;5;0,71;29;23;6
1272;JASNÁ Tereza;300;16;Advanced;18;16;0,33;4;0,57;30;26;4
1273;KAHABKOVÁ Eliška;304;16;Advanced;6;13;0,27;6;0,86;33;18;15
1274;KOCOURKOVÁ Marie;306;16;Advanced;42;42;0,88;1;0,14;19;32;-13
1275;KOŘÍNKOVÁ Magdaléna;309;16;Advanced;30;34;0,71;3;0,43;23;26;-3
1276;KOŘÍNKOVÁ Miroslava;310;16;Advanced;46;46;0,96;1;0,14;15;33;-18
1277;LANDGRAFOVÁ Veronika;319;16;Advanced;34;36;0,75;2;0,29;24;30;-6
1278;MAIELLO Ester;324;16;Advanced;47;47;0,98;0;0,00;13;35;-22
1279;MARČÍK Sára;325;16;Advanced;10;14;0,29;5;0,71;31;17;14
1280;MATĚJČKOVÁ Lucie;326;16;Advanced;44;44;0,92;1;0,14;18;34;-16
1281;MIROVSKÁ Eliška;329;16;Advanced;35;31;0,65;2;0,29;24;32;-8
1282;MÜLLEROVÁ Ivana;331;16;Advanced;45;45;0,94;1;0,14;15;32;-17
1283;NOVÁKOVÁ Petra;335;16;Advanced;15;15;0,31;5;0,71;30;27;3
1284;PĚCHOVOVÁ Michala;346;16;Advanced;2;6;0,13;7;1,00;35;14;21
1285;POKORNÁ (ŠÁMALOVÁ) Anna;340;16;Advanced;3;2;0,04;7;1,00;35;17;18
1286;POTOČKOVÁ Kateřina;342;16;Advanced;8;8;0,17;6;0,86;31;17;14
1287;PROKŠÍKOVÁ Patricie;344;16;Advanced;9;3;0,06;6;0,86;33;20;13
1288;PRŮŠOVÁ Kristýna;345;16;Advanced;28;33;0,69;3;0,43;26;28;-2
1289;ROVENSKÁ Emma;352;16;Advanced;39;39;0,81;2;0,29;21;32;-11
1290;SALIGEROVÁ Kateřina;355;16;Advanced;1;5;0,10;7;1,00;35;12;23
1291;SLUŠNÁ Karolína;361;16;Advanced;40;40;0,83;2;0,29;18;31;-13
1292;STUPKOVÁ Sára;363;16;Advanced;41;41;0,85;1;0,14;20;30;-10
1293;ŠAFRÁNKOVÁ Adéla;366;16;Advanced;12;11;0,23;5;0,71;30;22;8
1294;SVOBODA (ŠEDIVÁ) Michaela;364;16;Advanced;20;20;0,42;4;0,57;27;24;3
1295;ŠMÍDOVÁ Daniela;368;16;Advanced;25;23;0,48;3;0,43;29;24;5
1296;ŠPATENKOVÁ Anna;369;16;Advanced;17;19;0,40;4;0,57;31;26;5
1297;URBÁNKOVÁ Klára;380;16;Advanced;37;32;0,67;2;0,29;19;28;-9
1298;VÁCHOVÁ Tereza;390;16;Advanced;23;22;0,46;4;0,57;23;27;-4
1299;VALENTOVÁ Amálie;382;16;Advanced;16;18;0,38;4;0,57;32;27;5
1300;VINCENCOVÁ Ester;383;16;Advanced;24;26;0,54;3;0,43;30;24;6
1301;VOLÁKOVÁ Hana;385;16;Advanced;11;10;0,21;5;0,71;30;20;10
1302;VRATIŠOVSKÁ Zlata;386;16;Advanced;48;48;1,00;0;0,00;9;35;-26
1303;VYSLOUŽILOVÁ Vanda;389;16;Advanced;32;30;0,63;2;0,29;28;32;-4
1304;WEISOVÁ Kateřina;392;16;Advanced;26;27;0,56;3;0,43;27;26;1
1305;YOUSEF Mira;393;16;Advanced;27;24;0,50;3;0,43;28;29;-1
1306;ZIEGLEROVÁ Adéla Anna;394;16;Advanced;35;37;0,77;2;0,29;24;32;-8
1307;ŽOLNOVÁ Karolína;397;16;Advanced;29;28;0,58;3;0,43;26;29;-3
1308;AIGERMANOVÁ Gabriela;259;18;Advanced;11;8;0,25;5;0,71;28;24;4
1309;BIELESZOVÁ Veronika;263;18;Advanced;2;1;0,03;6;0,86;34;16;18
1310;CEJNAROVÁ Barbora;267;18;Eliminated;27;27;0,84;2;0,29;15;28;-13
1311;COUFALOVÁ Anna;270;18;Advanced;6;9;0,28;5;0,71;31;15;16
1312;ČAPKOVÁ Barbora;271;18;Advanced;17;15;0,47;4;0,57;27;27;0
1313;ČERVENKOVÁ Kateřina;274;18;Advanced;4;5;0,16;6;0,86;31;18;13
1314;DIVIŠOVÁ Klára;276;18;Advanced;25;25;0,78;2;0,29;21;32;-11
1315;FRDLÍKOVÁ Markéta;282;18;Eliminated;30;30;0,94;0;0,00;23;35;-12
1316;HAVLÍNOVÁ Tereza;291;18;Advanced;10;17;0,53;5;0,71;31;24;7
1317;CHALUPNÍKOVÁ Aranka;268;18;Advanced;13;12;0,38;4;0,57;30;23;7
1318;JASNÁ Adéla;299;18;Advanced;8;7;0,22;5;0,71;32;23;9
1319;JASNÁ Tereza;300;18;Advanced;22;23;0,72;2;0,29;23;29;-6
1320;KOŘÍNKOVÁ Magdaléna;309;18;Eliminated;28;28;0,88;1;0,14;23;33;-10
1321;KOŘÍNKOVÁ Miroslava;310;18;Eliminated;29;29;0,91;1;0,14;20;34;-14
1322;KŘENKOVÁ Karolína;315;18;Advanced;7;6;0,19;5;0,71;33;22;11
1323;MARČÍK Sára;325;18;Advanced;11;11;0,34;5;0,71;28;24;4
1324;NOVÁKOVÁ Petra;335;18;Advanced;21;22;0,69;3;0,43;23;30;-7
1325;PĚCHOVOVÁ Michala;346;18;Advanced;1;3;0,09;6;0,86;34;15;19
1326;POKORNÁ (ŠÁMALOVÁ) Anna;340;18;Advanced;14;13;0,41;4;0,57;32;27;5
1327;POTOČKOVÁ Kateřina;342;18;Advanced;15;14;0,44;4;0,57;28;25;3
1328;PROKŠÍKOVÁ Patricie;344;18;Advanced;5;2;0,06;6;0,86;34;23;11
1329;ŘÍHOVÁ Marcela;354;18;Advanced;18;19;0,59;4;0,57;22;28;-6
1330;SALIGEROVÁ Kateřina;355;18;Advanced;3;3;0,09;6;0,86;33;18;15
1331;ŠAFRÁNKOVÁ Adéla;366;18;Advanced;16;18;0,56;4;0,57;29;28;1
1332;SVOBODA (ŠEDIVÁ) Michaela;364;18;Advanced;24;24;0,75;2;0,29;22;31;-9
1333;ŠPATENKOVÁ Anna;369;18;Advanced;19;20;0,63;3;0,43;28;26;2
1334;TOMANOVÁ Kateřina;373;18;Advanced;20;21;0,66;3;0,43;23;29;-6
1335;VÁCHOVÁ Tereza;390;18;Eliminated;31;31;0,97;0;0,00;19;35;-16
1336;VINCENCOVÁ Ester;383;18;Advanced;25;25;0,78;2;0,29;21;32;-11
1337;VOLÁKOVÁ Hana;385;18;Advanced;8;10;0,31;5;0,71;32;23;9
1338;WEISOVÁ Kateřina;392;18;Eliminated;32;32;1,00;0;0,00;11;35;-24
1339;ŽÁDNÍKOVÁ Daniela;396;18;Advanced;23;16;0,50;2;0,29;23;32;-9
1340;ADAMCOVÁ Anita;258;20;Advanced;28;28;0,67;2;0,33;19;26;-7
1341;AIGERMANOVÁ Gabriela;259;20;Advanced;6;3;0,07;6;1,00;27;14;13
1342;BIELESZOVÁ Veronika;263;20;Advanced;1;3;0,07;6;1,00;28;7;21
1343;CEJNAROVÁ Barbora;267;20;Advanced;19;21;0,50;3;0,50;23;22;1
1344;COUFALOVÁ Anna;270;20;Advanced;15;19;0,45;4;0,67;22;16;6
1345;DIVIŠOVÁ Klára;276;20;Advanced;34;32;0,76;1;0,17;19;28;-9
1346;FORMANOVÁ Elizabeth;280;20;Eliminated;37;38;0,90;1;0,17;16;28;-12
1347;FRDLÍKOVÁ Markéta;282;20;Advanced;33;31;0,74;1;0,17;20;28;-8
1348;HANZLÍKOVÁ Klára;289;20;Advanced;31;33;0,79;2;0,33;18;25;-7
1349;HAVLÍNOVÁ Tereza;291;20;Advanced;4;6;0,14;6;1,00;30;16;14
1350;CHALUPNÍKOVÁ Aranka;268;20;Advanced;7;17;0,40;5;0,83;27;18;9
1351;JASNÁ Adéla;299;20;Advanced;18;15;0,36;3;0,50;26;22;4
1352;JASNÁ Tereza;300;20;Advanced;3;5;0,12;6;1,00;30;11;19
1353;KAHABKOVÁ Eliška;304;20;Advanced;13;12;0,29;4;0,67;24;16;8
1354;KOCOURKOVÁ Marie;306;20;Advanced;32;34;0,81;2;0,33;14;25;-11
1355;KOŘÍNKOVÁ Magdaléna;309;20;Advanced;21;23;0,55;3;0,50;21;24;-3
1356;KOŘÍNKOVÁ Miroslava;310;20;Eliminated;41;42;1,00;0;0,00;11;30;-19
1357;KŘENKOVÁ Karolína;315;20;Advanced;10;7;0,17;4;0,67;27;18;9
1358;KUGLEROVÁ Klára;312;20;Advanced;28;28;0,67;2;0,33;19;26;-7
1359;KÜHNOVÁ Karolína;314;20;Eliminated;36;36;0,86;1;0,17;15;26;-11
1360;LAŠTOVKOVÁ Tereza;321;20;Advanced;28;28;0,67;2;0,33;19;26;-7
1361;MAIELLO Ester;324;20;Eliminated;40;40;0,95;1;0,17;14;28;-14
1362;MATĚJČKOVÁ Lucie;326;20;Eliminated;41;41;0,98;1;0,17;12;29;-17
1363;MYŠKOVÁ Petra;330;20;Advanced;20;22;0,52;3;0,50;23;24;-1
1364;NOVÁKOVÁ Petra;335;20;Advanced;22;24;0,57;3;0,50;21;27;-6
1365;PĚCHOVOVÁ Michala;346;20;Advanced;2;1;0,02;6;1,00;30;10;20
1366;POTOČKOVÁ Kateřina;342;20;Advanced;9;9;0,21;4;0,67;26;14;12
1367;PROKŠÍKOVÁ Patricie;344;20;Advanced;25;8;0,19;2;0,33;23;25;-2
1368;SALIGEROVÁ Kateřina;355;20;Advanced;5;2;0,05;6;1,00;27;13;14
1369;SLUŠNÁ Karolína;361;20;Advanced;23;25;0,60;2;0,33;22;23;-1
1370;SVOBODA (ŠEDIVÁ) Michaela;364;20;Advanced;11;10;0,24;4;0,67;25;16;9
1371;ŠAFRÁNKOVÁ Adéla;366;20;Advanced;26;16;0,38;2;0,33;21;25;-4
1372;ŠMÍDOVÁ Daniela;368;20;Advanced;27;27;0,64;2;0,33;22;27;-5
1373;ŠPATENKOVÁ Anna;369;20;Advanced;14;13;0,31;4;0,67;23;15;8
1374;TITĚROVÁ Michaela;371;20;Eliminated;39;39;0,93;1;0,17;16;29;-13
1375;TVARŮŽKOVÁ Karolína;376;20;Eliminated;35;35;0,83;1;0,17;18;27;-9
1376;VÁCHOVÁ Tereza;390;20;Eliminated;37;37;0,88;1;0,17;16;28;-12
1377;VINCENCOVÁ Ester;383;20;Advanced;8;18;0,43;5;0,83;26;17;9
1378;VOLÁKOVÁ Hana;385;20;Advanced;17;20;0,48;4;0,67;23;23;0
1379;WEISOVÁ Kateřina;392;20;Advanced;24;26;0,62;2;0,33;20;21;-1
1380;YOUSEF Mira;393;20;Advanced;12;11;0,26;4;0,67;28;20;8
1381;HUNČÁROVÁ Katarína;295;20;Advanced;16;14;0,33;4;0,67;26;24;2
1382;ADAMCOVÁ Anita;258;22;Advanced;15;18;0,47;4;0,57;27;30;-3
1383;AIGERMANOVÁ Gabriela;259;22;Advanced;1;5;0,13;7;1,00;35;9;26
1384;BARTOŠKOVÁ Adéla;261;22;Advanced;24;24;0,63;3;0,43;26;31;-5
1385;BIELESZOVÁ Veronika;263;22;Advanced;8;1;0,03;5;0,83;29;19;10
1386;BROVKO Inna;265;22;Advanced;2;2;0,05;7;1,00;35;15;20
1387;CEJNAROVÁ Barbora;267;22;Advanced;21;21;0,55;3;0,43;27;25;2
1388;COUFALOVÁ Anna;270;22;Advanced;7;10;0,26;6;0,86;32;22;10
1389;DIVIŠOVÁ Klára;276;22;Eliminated;31;31;0,82;1;0,17;27;17;-10
1390;FRDLÍKOVÁ Markéta;282;22;Eliminated;36;36;0,95;0;0,00;30;14;-16
1391;HAIKAL Victoria;287;22;Eliminated;34;34;0,89;1;0,14;34;19;-15
1392;HAVLÍNOVÁ Tereza;291;22;Advanced;4;6;0,16;6;1,00;30;19;11
1393;HONOVÁ Markéta;294;22;Advanced;29;29;0,76;2;0,29;24;30;-6
1394;HUNČÁROVÁ Katarína;295;22;Advanced;14;8;0,21;4;0,57;27;22;5
1395;CHALUPNÍKOVÁ Aranka;268;22;Advanced;20;16;0,42;3;0,50;19;24;-5
1396;KAHABKOVÁ Eliška;304;22;Advanced;22;22;0,58;3;0,43;27;29;-2
1397;KOCOURKOVÁ Marie;306;22;Eliminated;33;33;0,87;1;0,14;32;20;-12
1398;KÜHNOVÁ Karolína;314;22;Eliminated;32;32;0,84;1;0,17;26;15;-11
1399;LAŠTOVKOVÁ Tereza;321;22;Advanced;27;27;0,71;2;0,33;20;28;-8
1400;MATĚJČKOVÁ Lucie;326;22;Eliminated;35;35;0,92;1;0,14;31;14;-17
1401;MYŠKOVÁ Petra;330;22;Advanced;11;12;0,32;5;0,71;27;18;9
1402;NOVÁKOVÁ Petra;335;22;Advanced;13;17;0,45;4;0,67;25;22;3
1403;PĚCHOVOVÁ Michala;346;22;Advanced;10;7;0,18;5;0,71;31;22;9
1404;POKORNÁ (ŠÁMALOVÁ) Anna;340;22;Advanced;18;15;0,39;3;0,50;25;23;2
1405;POTOČKOVÁ Kateřina;342;22;Advanced;23;23;0,61;3;0,43;24;28;-4
1406;PROKŠÍKOVÁ Patricie;344;22;Advanced;6;3;0,08;6;0,86;33;17;16
1407;RAJNOCH Barbora;348;22;Advanced;9;11;0,29;5;0,71;33;23;10
1408;SALIGEROVÁ Kateřina;355;22;Advanced;3;9;0,24;6;1,00;27;9;18
1409;SAMKO Anastasiia;356;22;Advanced;5;3;0,08;6;0,86;34;18;16
1410;SLUŠNÁ Karolína;361;22;Advanced;16;19;0,50;3;0,50;24;20;4
1411;ŠMÍDOVÁ Daniela;368;22;Advanced;26;26;0,68;2;0,33;26;26;0
1412;SYROVÁTKOVÁ Iva;365;22;Eliminated;37;37;0,97;0;0,00;35;14;-21
1413;TODORYSHYNA Viktoriia;372;22;Advanced;19;20;0,53;3;0,50;23;25;-2
1414;TŮMOVÁ Šárka;379;22;Advanced;28;28;0,74;2;0,29;28;29;-1
1415;VÁCHOVÁ Tereza;390;22;Advanced;30;30;0,79;2;0,29;19;32;-13
1416;VINCENCOVÁ Ester;383;22;Advanced;12;13;0,34;5;0,71;32;25;7
1417;WEISOVÁ Kateřina;392;22;Advanced;25;25;0,66;3;0,43;22;30;-8
1418;YOUSEF Mira;393;22;Advanced;17;14;0,37;3;0,50;21;17;4
1419;ZIEGLEROVÁ Adéla Anna;394;22;Eliminated;38;38;1,00;0;0,00;35;12;-23
1420;ADAMCOVÁ Anita;258;23;Advanced;21;7;0,16;3;0,50;23;20;3
1421;AIGERMANOVÁ Gabriela;259;23;Advanced;2;17;0,39;6;0,86;34;17;17
1422;BARTOŠKOVÁ Adéla;261;23;Advanced;25;26;0,59;3;0,50;21;23;-2
1423;CEJNAROVÁ Barbora;267;23;Advanced;18;22;0,50;4;0,57;29;18;11
1424;COUFALOVÁ Anna;270;23;Advanced;7;6;0,14;5;0,83;28;14;14
1425;DIVIŠOVÁ Klára;276;23;Advanced;23;25;0,57;3;0,50;23;23;0
1426;FRDLÍKOVÁ Markéta;282;23;Advanced;29;33;0,75;3;0,43;23;28;-5
1427;HANZLÍKOVÁ Klára;289;23;Advanced;30;30;0,68;3;0,43;23;30;-7
1428;HARTMANOVÁ Barbora;290;23;Advanced;9;18;0,41;5;0,83;28;16;12
1429;HAVLÍNOVÁ Tereza;291;23;Advanced;14;1;0,02;4;0,67;27;17;10
1430;HUNČÁROVÁ Katarína;295;23;Advanced;22;15;0,34;3;0,50;24;24;0
1431;CHALUPNÍKOVÁ Aranka;268;23;Advanced;8;11;0,25;5;0,83;29;16;13
1432;KINCLOVÁ Emma;305;23;Advanced;31;16;0,36;2;0,33;22;26;-4
1433;KOCOURKOVÁ Marie;306;23;Eliminated;39;39;0,89;1;0,17;17;29;-12
1434;KOPKOVÁ Hana;307;23;Eliminated;43;43;0,98;0;0,00;16;34;-18
1435;KORYCH (VACÍNOVÁ) Gabriela;308;23;Advanced;17;21;0,48;4;0,67;27;22;5
1436;KOŘÍNKOVÁ Magdaléna;309;23;Eliminated;42;42;0,95;0;0,00;14;30;-16
1437;KOŘÍNKOVÁ Miroslava;310;23;Eliminated;37;37;0,84;2;0,29;21;32;-11
1438;KŘENKOVÁ Karolína;315;23;Advanced;4;2;0,05;6;0,86;32;21;11
1439;KUGLEROVÁ Klára;312;23;Advanced;19;23;0,52;4;0,57;28;27;1
1440;KÜHNOVÁ Karolína;314;23;Eliminated;38;38;0,86;1;0,17;16;26;-10
1441;MAIELLO Ester;324;23;Advanced;27;28;0,64;3;0,43;29;32;-3
1442;MATĚJČKOVÁ Lucie;326;23;Eliminated;44;44;1,00;0;0,00;15;35;-20
1443;NOVÁKOVÁ Petra;335;23;Advanced;13;13;0,30;5;0,71;30;24;6
1444;PĚCHOVOVÁ Michala;346;23;Advanced;1;3;0,07;7;1,00;35;13;22
1445;POKORNÁ (ŠÁMALOVÁ) Anna;340;23;Advanced;16;14;0,32;4;0,67;24;18;6
1446;POTOČKOVÁ Kateřina;342;23;Advanced;6;5;0,11;5;0,83;29;14;15
1447;PRCHALOVÁ Eliška;343;23;Eliminated;41;41;0,93;1;0,14;16;34;-18
1448;PROKŠÍKOVÁ Patricie;344;23;Advanced;5;10;0,23;6;0,86;30;21;9
1449;RAJNOCH Barbora;348;23;Advanced;12;20;0,45;5;0,71;31;21;10
1450;ROHANOVÁ Anna;350;23;Advanced;35;36;0,82;2;0,29;25;32;-7
1451;SLUŠNÁ Karolína;361;23;Advanced;34;35;0,80;2;0,29;25;31;-6
1452;SVOBODA (ŠEDIVÁ) Michaela;364;23;Advanced;11;19;0,43;5;0,71;31;20;11
1453;ŠPATENKOVÁ Anna;369;23;Advanced;10;12;0,27;5;0,71;32;17;15
1454;TÓBISZOVÁ Monika;378;23;Eliminated;44;44;1,00;0;0,00;15;35;-20
1455;TODORYSHYNA Viktoriia;372;23;Advanced;20;24;0,55;4;0,57;29;29;0
1456;TŮMOVÁ Šárka;379;23;Advanced;32;34;0,77;2;0,33;18;28;-10
1457;TYRPEKLOVÁ Amélie;377;23;Advanced;36;32;0,73;2;0,29;20;29;-9
1458;URBÁNKOVÁ Klára;380;23;Advanced;33;31;0,70;2;0,33;15;27;-12
1459;VÁCHOVÁ Tereza;390;23;Eliminated;40;40;0,91;1;0,17;14;29;-15
1460;VALENTOVÁ Amálie;382;23;Advanced;24;8;0,18;3;0,50;21;22;-1
1461;VINCENCOVÁ Ester;383;23;Advanced;15;3;0,07;4;0,67;25;16;9
1462;VYSLOUŽILOVÁ Vanda;389;23;Advanced;28;29;0,66;3;0,43;25;28;-3
1463;WEISOVÁ Kateřina;392;23;Advanced;26;27;0,61;3;0,50;22;27;-5
1464;YOUSEF Mira;393;23;Advanced;3;9;0,20;6;0,86;34;20;14
